Date,USD
1993-04-12,3.8735
1993-04-13,3.8725
1993-04-14,3.9015
1993-04-15,3.9325
1993-04-16,3.87
1993-04-19,3.975
1993-04-20,3.9525
1993-04-21,3.9115
1993-04-22,3.8775
1993-04-23,3.9325
1993-04-26,4.0185
1993-04-27,4.1025
1993-04-28,4.045
1993-04-29,4.36
1993-04-30,4.2985
1993-05-03,4.280125
1993-05-04,4.274
1993-05-05,4.252
1993-05-06,4.303
1993-05-07,4.3625
1993-05-10,4.2775
1993-05-11,4.244
1993-05-12,4.2325
1993-05-13,4.52
1993-05-14,4.435
1993-05-17,4.4615
1993-05-18,4.403
1993-05-19,4.744
1993-05-20,4.513
1993-05-21,4.5225
1993-05-24,4.7225
1993-05-25,4.5215
1993-05-26,4.555
1993-05-27,4.591
1993-05-28,4.7135
1993-06-01,4.615
1993-06-02,4.365
1993-06-03,4.385
1993-06-04,4.5
1993-06-07,4.355
1993-06-08,4.3925
1993-06-09,4.3675
1993-06-10,4.305
1993-06-11,4.31
1993-06-14,4.22
1993-06-15,4.225
1993-06-16,4.318
1993-06-17,4.326
1993-06-18,4.3425
1993-06-21,4.29
1993-06-22,4.2965
1993-06-23,4.266
1993-06-24,4.43
1993-06-25,4.4025
1993-06-28,4.505
1993-06-29,4.455
1993-06-30,4.575
1993-07-01,4.5475
1993-07-02,4.835
1993-07-06,5.07
1993-07-07,5.1675
1993-07-08,5.115
1993-07-09,4.99
1993-07-12,5.065
1993-07-13,4.9775
1993-07-14,5.095
1993-07-15,4.925
1993-07-16,5.045
1993-07-19,5.0685
1993-07-20,5.045
1993-07-21,5.05
1993-07-22,4.9375
1993-07-23,5.0275
1993-07-26,4.9665
1993-07-27,5.105
1993-07-28,5.065
1993-07-29,5.145
1993-07-30,5.3
1993-08-02,5.42
1993-08-03,5.3765
1993-08-04,5.29
1993-08-05,5.17
1993-08-06,4.82
1993-08-09,4.675
1993-08-10,4.796
1993-08-11,4.785
1993-08-12,4.686
1993-08-13,4.5925
1993-08-16,4.772
1993-08-17,4.735
1993-08-18,4.6925
1993-08-19,4.725
1993-08-20,4.6575
1993-08-23,4.7825
1993-08-24,4.764
1993-08-25,4.7475
1993-08-26,4.725
1993-08-27,4.6875
1993-08-30,4.80375
1993-08-31,4.8425
1993-09-01,4.8325
1993-09-02,4.72
1993-09-03,4.555
1993-09-07,4.5025
1993-09-08,4.255
1993-09-09,4.2425
1993-09-10,4.2775
1993-09-13,4.064
1993-09-14,3.9235
1993-09-15,4.0375
1993-09-16,4.057
1993-09-17,4.0975
1993-09-20,4.111
1993-09-21,4.1075
1993-09-22,4.0735
1993-09-23,4.039
1993-09-24,4.142
1993-09-27,4.1075
1993-09-28,4.045
1993-09-29,4.0625
1993-09-30,4.03
1993-10-01,4.0575
1993-10-04,4.0875
1993-10-05,4.05
1993-10-06,4.1525
1993-10-07,4.33
1993-10-08,4.365
1993-10-11,4.3775
1993-10-12,4.2865
1993-10-13,4.4475
1993-10-14,4.4335
1993-10-15,4.3325
1993-10-18,4.355
1993-10-19,4.4535
1993-10-20,4.4925
1993-10-21,4.5115
1993-10-22,4.436
1993-10-25,4.4325
1993-10-26,4.3925
1993-10-27,4.3875
1993-10-28,4.42
1993-10-29,4.4025
1993-11-01,4.285
1993-11-02,4.2115
1993-11-03,4.2125
1993-11-04,4.3815
1993-11-05,4.4775
1993-11-08,4.5175
1993-11-09,4.5425
1993-11-10,4.5325
1993-11-11,4.5675
1993-11-12,4.58
1993-11-15,4.5175
1993-11-16,4.5775
1993-11-17,4.55
1993-11-18,4.6115
1993-11-19,4.6925
1993-11-22,4.7325
1993-11-23,4.6825
1993-11-24,4.645
1993-11-26,4.6715
1993-11-29,4.632
1993-11-30,4.467
1993-12-01,4.4285
1993-12-02,4.66
1993-12-03,4.6075
1993-12-06,4.84
1993-12-07,4.835
1993-12-08,4.96
1993-12-09,4.9775
1993-12-10,4.987
1993-12-13,5.1
1993-12-14,5.1375
1993-12-15,5.095
1993-12-16,5.095
1993-12-17,5.0175
1993-12-20,5.1225
1993-12-21,5.1075
1993-12-22,4.9975
1993-12-23,5.035
1993-12-27,5.064
1993-12-28,5.077
1993-12-29,5.09
1993-12-30,5.1075
1993-12-31,5.115
1994-01-03,5.236125
1994-01-04,5.2765
1994-01-05,5.2325
1994-01-06,5.02
1994-01-07,5.11
1994-01-10,4.9115
1994-01-11,5.0425
1994-01-12,5.105
1994-01-13,5.056
1994-01-14,5.2075
1994-01-17,5.3435
1994-01-18,5.3275
1994-01-19,5.3225
1994-01-20,5.32
1994-01-21,5.185
1994-01-24,5.04
1994-01-25,5.1325
1994-01-26,5.075
1994-01-27,5.115
1994-01-28,4.974
1994-01-31,5.0575
1994-02-01,5.12
1994-02-02,5.28
1994-02-03,5.2825
1994-02-04,5.455
1994-02-07,5.3075
1994-02-08,5.225
1994-02-09,5.245
1994-02-10,5.295
1994-02-11,5.2125
1994-02-14,5.26
1994-02-15,5.325
1994-02-16,5.25
1994-02-17,5.2975
1994-02-18,5.23
1994-02-22,5.16
1994-02-23,5.1825
1994-02-24,5.2125
1994-02-25,5.1825
1994-02-28,5.243
1994-03-01,5.3275
1994-03-02,5.235
1994-03-03,5.2625
1994-03-04,5.186
1994-03-07,5.2325
1994-03-08,5.18
1994-03-09,5.215
1994-03-10,5.2975
1994-03-11,5.445
1994-03-14,5.3675
1994-03-15,5.45
1994-03-16,5.4225
1994-03-17,5.36
1994-03-18,5.435
1994-03-21,5.4075
1994-03-22,5.448
1994-03-23,5.59
1994-03-24,5.7475
1994-03-25,5.73
1994-03-28,5.7
1994-03-29,5.62
1994-03-30,5.61
1994-03-31,5.735
1994-04-04,5.663
1994-04-05,5.645
1994-04-06,5.525
1994-04-07,5.4975
1994-04-08,5.4635
1994-04-11,5.455
1994-04-12,5.282
1994-04-13,5.336
1994-04-14,5.34
1994-04-15,5.295
1994-04-18,5.246
1994-04-19,5.2375
1994-04-20,5.2435
1994-04-21,5.265
1994-04-22,5.2
1994-04-25,5.094
1994-04-26,5.121
1994-04-28,5.165
1994-04-29,5.28
1994-05-02,5.285625
1994-05-03,5.2875
1994-05-04,5.2125
1994-05-05,5.1175
1994-05-06,5.0675
1994-05-09,5.395
1994-05-10,5.3915
1994-05-11,5.265
1994-05-12,5.4025
1994-05-13,5.4225
1994-05-16,5.3925
1994-05-17,5.53
1994-05-18,5.4435
1994-05-19,5.57
1994-05-20,5.5325
1994-05-23,5.715
1994-05-24,5.73
1994-05-25,5.5675
1994-05-26,5.5115
1994-05-27,5.45
1994-05-31,5.495
1994-06-01,5.5425
1994-06-02,5.3475
1994-06-03,5.3375
1994-06-06,5.2725
1994-06-07,5.28
1994-06-08,5.329
1994-06-09,5.355
1994-06-10,5.387
1994-06-13,5.325
1994-06-14,5.4175
1994-06-15,5.355
1994-06-16,5.53
1994-06-17,5.47
1994-06-20,5.605
1994-06-21,5.4825
1994-06-22,5.544
1994-06-23,5.365
1994-06-24,5.4065
1994-06-27,5.39
1994-06-28,5.265
1994-06-29,5.27
1994-06-30,5.251
1994-07-01,5.355
1994-07-05,5.4075
1994-07-06,5.3175
1994-07-07,5.24
1994-07-08,5.2375
1994-07-11,5.2475
1994-07-12,5.315
1994-07-13,5.215
1994-07-14,5.1625
1994-07-15,5.2225
1994-07-18,5.255
1994-07-19,5.2115
1994-07-20,5.3215
1994-07-21,5.26
1994-07-22,5.2525
1994-07-25,5.26
1994-07-26,5.32
1994-07-27,5.3225
1994-07-28,5.3325
1994-07-29,5.2925
1994-08-01,5.33
1994-08-02,5.285
1994-08-03,5.2125
1994-08-04,5.155
1994-08-05,5.175
1994-08-08,5.113
1994-08-09,5.1125
1994-08-10,5.159
1994-08-11,5.115
1994-08-12,5.1925
1994-08-15,5.05
1994-08-16,5.0725
1994-08-17,5.1275
1994-08-18,5.1075
1994-08-19,5.1725
1994-08-22,5.2265
1994-08-23,5.213
1994-08-24,5.2135
1994-08-25,5.2525
1994-08-26,5.255
1994-08-29,5.35025
1994-08-30,5.382
1994-08-31,5.3575
1994-09-01,5.4015
1994-09-02,5.4375
1994-09-06,5.438
1994-09-07,5.51
1994-09-08,5.51
1994-09-09,5.45
1994-09-12,5.51
1994-09-13,5.456
1994-09-14,5.4625
1994-09-15,5.395
1994-09-16,5.385
1994-09-19,5.43
1994-09-20,5.48
1994-09-21,5.6715
1994-09-22,5.6025
1994-09-23,5.71
1994-09-26,5.6565
1994-09-27,5.665
1994-09-28,5.7
1994-09-29,5.6225
1994-09-30,5.62
1994-10-03,5.525
1994-10-04,5.605
1994-10-05,5.5965
1994-10-06,5.596
1994-10-07,5.655
1994-10-10,5.6135
1994-10-11,5.5575
1994-10-12,5.5075
1994-10-13,5.5075
1994-10-14,5.37
1994-10-17,5.3925
1994-10-18,5.4135
1994-10-19,5.355
1994-10-20,5.41
1994-10-21,5.4
1994-10-24,5.315
1994-10-25,5.33
1994-10-26,5.3075
1994-10-27,5.3875
1994-10-28,5.3675
1994-10-31,5.345
1994-11-01,5.2225
1994-11-02,5.2775
1994-11-03,5.32
1994-11-04,5.265
1994-11-07,5.2275
1994-11-08,5.2065
1994-11-09,5.2
1994-11-10,5.135
1994-11-11,5.1775
1994-11-14,5.1575
1994-11-15,5.2135
1994-11-16,5.19
1994-11-17,5.235
1994-11-18,5.2275
1994-11-21,5.149
1994-11-22,5.15
1994-11-23,5.17
1994-11-25,5.1725
1994-11-28,5.1715
1994-11-29,5.14
1994-11-30,5.075
1994-12-01,4.9175
1994-12-02,4.932
1994-12-05,4.74
1994-12-06,4.6475
1994-12-07,4.6875
1994-12-08,4.64
1994-12-09,4.67
1994-12-12,4.7275
1994-12-13,4.8125
1994-12-14,4.765
1994-12-15,4.765
1994-12-16,4.8225
1994-12-19,4.77
1994-12-20,4.8135
1994-12-21,4.83
1994-12-22,4.7875
1994-12-23,4.7525
1994-12-27,4.7985
1994-12-28,4.81
1994-12-29,4.9025
1994-12-30,4.85
1995-01-03,4.8415
1995-01-04,4.715
1995-01-05,4.6225
1995-01-06,4.7025
1995-01-09,4.645
1995-01-10,4.6825
1995-01-11,4.6775
1995-01-12,4.7375
1995-01-13,4.84
1995-01-16,4.7685
1995-01-17,4.8
1995-01-18,4.9
1995-01-19,4.9225
1995-01-20,4.845
1995-01-23,4.915
1995-01-24,4.815
1995-01-25,4.8125
1995-01-26,4.78
1995-01-27,4.764
1995-01-30,4.675
1995-01-31,4.6975
1995-02-01,4.6775
1995-02-02,4.675
1995-02-03,4.735
1995-02-06,4.695
1995-02-07,4.7
1995-02-08,4.667
1995-02-09,4.73
1995-02-10,4.7605
1995-02-13,4.7365
1995-02-14,4.7445
1995-02-15,4.7625
1995-02-16,4.735
1995-02-17,4.7275
1995-02-21,4.7775
1995-02-22,4.755
1995-02-23,4.8235
1995-02-24,4.81
1995-02-27,4.65
1995-02-28,4.49
1995-03-01,4.4725
1995-03-02,4.416
1995-03-03,4.4335
1995-03-06,4.419
1995-03-07,4.534
1995-03-08,4.676
1995-03-09,4.631
1995-03-10,4.6075
1995-03-13,4.6225
1995-03-14,4.7175
1995-03-15,4.73
1995-03-16,4.7
1995-03-17,4.6725
1995-03-20,4.68
1995-03-21,4.6875
1995-03-22,4.5825
1995-03-23,4.6925
1995-03-24,4.696
1995-03-27,4.63
1995-03-28,4.656
1995-03-29,4.731
1995-03-30,4.7625
1995-03-31,5.16
1995-04-03,5.3015
1995-04-04,5.21
1995-04-05,5.3625
1995-04-06,5.365
1995-04-07,5.407
1995-04-10,5.33
1995-04-11,5.21
1995-04-12,5.337
1995-04-13,5.25
1995-04-17,5.574
1995-04-18,5.655
1995-04-19,5.915
1995-04-20,5.65
1995-04-21,5.6425
1995-04-24,5.7025
1995-04-25,5.6275
1995-04-26,5.685
1995-04-27,5.575
1995-04-28,5.8285
1995-05-01,5.6975
1995-05-02,5.8675
1995-05-03,5.8825
1995-05-04,5.975
1995-05-05,6.0375
1995-05-08,5.949375
1995-05-09,5.92
1995-05-10,5.475
1995-05-11,5.425
1995-05-12,5.39
1995-05-15,5.3275
1995-05-16,5.397
1995-05-17,5.3825
1995-05-18,5.361
1995-05-19,5.445
1995-05-22,5.3675
1995-05-23,5.275
1995-05-24,5.3975
1995-05-25,5.486
1995-05-26,5.4875
1995-05-30,5.46
1995-05-31,5.295
1995-06-01,5.2625
1995-06-02,5.3525
1995-06-05,5.23
1995-06-06,5.3425
1995-06-07,5.335
1995-06-08,5.3725
1995-06-09,5.345
1995-06-12,5.4315
1995-06-13,5.3875
1995-06-14,5.365
1995-06-15,5.33
1995-06-16,5.455
1995-06-19,5.4325
1995-06-20,5.5075
1995-06-21,5.49
1995-06-22,5.4275
1995-06-23,5.353
1995-06-26,5.33
1995-06-27,5.335
1995-06-28,5.328
1995-06-29,5.2615
1995-06-30,5.3275
1995-07-03,5.0835
1995-07-05,5.071
1995-07-06,5.0725
1995-07-07,5.1175
1995-07-10,5.1675
1995-07-11,5.1225
1995-07-12,5.1575
1995-07-13,5.265
1995-07-14,5.1875
1995-07-17,5.226
1995-07-18,5.355
1995-07-19,5.3375
1995-07-20,5.156
1995-07-21,5.1625
1995-07-24,5.2225
1995-07-25,5.1735
1995-07-26,5.152
1995-07-27,5.1825
1995-07-28,5.08
1995-07-31,5.098
1995-08-01,5.03
1995-08-02,5.15
1995-08-03,5.14
1995-08-04,5.2025
1995-08-07,5.165
1995-08-08,5.225
1995-08-09,5.291
1995-08-10,5.255
1995-08-11,5.3125
1995-08-14,5.2275
1995-08-15,5.3825
1995-08-16,5.36
1995-08-17,5.496
1995-08-18,5.66
1995-08-21,5.7985
1995-08-22,5.705
1995-08-23,5.56
1995-08-24,5.675
1995-08-25,5.58
1995-08-28,5.58375
1995-08-29,5.585
1995-08-30,5.455
1995-08-31,5.3225
1995-09-01,5.345
1995-09-05,5.285
1995-09-06,5.2125
1995-09-07,5.3825
1995-09-08,5.4965
1995-09-11,5.3975
1995-09-12,5.5225
1995-09-13,5.5425
1995-09-14,5.4475
1995-09-15,5.49
1995-09-18,5.485
1995-09-19,5.5615
1995-09-20,5.4785
1995-09-21,5.3625
1995-09-22,5.4615
1995-09-25,5.405
1995-09-26,5.4875
1995-09-27,5.455
1995-09-28,5.481
1995-09-29,5.5275
1995-10-02,5.425
1995-10-03,5.34
1995-10-04,5.335
1995-10-05,5.35
1995-10-06,5.3225
1995-10-09,5.4425
1995-10-10,5.435
1995-10-11,5.4175
1995-10-12,5.4225
1995-10-13,5.3825
1995-10-16,5.3835
1995-10-17,5.35
1995-10-18,5.353
1995-10-19,5.3485
1995-10-20,5.3275
1995-10-23,5.37
1995-10-24,5.3525
1995-10-25,5.345
1995-10-26,5.4385
1995-10-27,5.4
1995-10-30,5.33
1995-10-31,5.36
1995-11-01,5.3325
1995-11-02,5.31
1995-11-03,5.3575
1995-11-06,5.288
1995-11-07,5.2825
1995-11-08,5.38
1995-11-09,5.3575
1995-11-10,5.429
1995-11-13,5.4225
1995-11-14,5.3225
1995-11-15,5.3375
1995-11-16,5.3275
1995-11-17,5.36
1995-11-20,5.3525
1995-11-21,5.375
1995-11-22,5.3025
1995-11-24,5.236
1995-11-27,5.275
1995-11-28,5.275
1995-11-29,5.221
1995-11-30,5.18
1995-12-01,5.2175
1995-12-04,5.185
1995-12-05,5.22
1995-12-06,5.256
1995-12-07,5.245
1995-12-08,5.2475
1995-12-11,5.2525
1995-12-12,5.2275
1995-12-13,5.1575
1995-12-14,5.105
1995-12-15,5.1425
1995-12-18,5.15
1995-12-19,5.175
1995-12-20,5.1225
1995-12-21,5.1575
1995-12-22,5.1215
1995-12-26,5.1503
1995-12-27,5.1575
1995-12-28,5.1325
1995-12-29,5.142
1996-01-02,5.165
1996-01-03,5.35
1996-01-04,5.3475
1996-01-05,5.5
1996-01-08,5.53
1996-01-09,5.509
1996-01-10,5.5375
1996-01-11,5.5565
1996-01-12,5.4625
1996-01-15,5.4
1996-01-16,5.4575
1996-01-17,5.4925
1996-01-18,5.465
1996-01-19,5.4125
1996-01-22,5.504
1996-01-23,5.59
1996-01-24,5.54
1996-01-25,5.5175
1996-01-26,5.616
1996-01-29,5.5075
1996-01-30,5.575
1996-01-31,5.52
1996-02-01,5.595
1996-02-02,5.8275
1996-02-05,5.7975
1996-02-06,5.7525
1996-02-07,5.8225
1996-02-08,5.655
1996-02-09,5.725
1996-02-12,5.6375
1996-02-13,5.7075
1996-02-14,5.69
1996-02-15,5.748
1996-02-16,5.679
1996-02-20,5.69
1996-02-21,5.55
1996-02-22,5.5925
1996-02-23,5.514
1996-02-26,5.4925
1996-02-27,5.485
1996-02-28,5.4625
1996-02-29,5.5225
1996-03-01,5.525
1996-03-04,5.4925
1996-03-05,5.35
1996-03-06,5.36
1996-03-07,5.3725
1996-03-08,5.43
1996-03-11,5.4875
1996-03-12,5.4975
1996-03-13,5.575
1996-03-14,5.586
1996-03-15,5.57
1996-03-18,5.55
1996-03-19,5.5475
1996-03-20,5.5025
1996-03-21,5.565
1996-03-22,5.6025
1996-03-25,5.63
1996-03-26,5.64
1996-03-27,5.6875
1996-03-28,5.639
1996-03-29,5.5175
1996-04-01,5.5175
1996-04-02,5.5275
1996-04-03,5.51
1996-04-04,5.525
1996-04-08,5.541
1996-04-09,5.545
1996-04-10,5.4625
1996-04-11,5.532
1996-04-12,5.537
1996-04-15,5.4975
1996-04-16,5.47
1996-04-17,5.3115
1996-04-18,5.3335
1996-04-19,5.254
1996-04-22,5.285
1996-04-23,5.3275
1996-04-24,5.3175
1996-04-25,5.32
1996-04-26,5.3695
1996-04-29,5.29
1996-04-30,5.2775
1996-05-01,5.325
1996-05-02,5.385
1996-05-03,5.41
1996-05-06,5.445625
1996-05-07,5.4575
1996-05-08,5.4825
1996-05-09,5.4325
1996-05-10,5.42
1996-05-13,5.375
1996-05-14,5.3625
1996-05-15,5.4
1996-05-16,5.375
1996-05-17,5.3635
1996-05-20,5.29
1996-05-21,5.285
1996-05-22,5.2925
1996-05-23,5.336
1996-05-24,5.311
1996-05-28,5.34
1996-05-29,5.3675
1996-05-30,5.3375
1996-05-31,5.335
1996-06-03,5.3835
1996-06-04,5.3615
1996-06-05,5.205
1996-06-06,5.155
1996-06-07,5.2
1996-06-10,5.2
1996-06-11,5.17
1996-06-12,5.1225
1996-06-13,5.1125
1996-06-14,4.9775
1996-06-17,5.166
1996-06-18,5.18
1996-06-19,5.211
1996-06-20,5.1115
1996-06-21,5.1085
1996-06-24,5.106
1996-06-25,5.1775
1996-06-26,5.1475
1996-06-27,5.105
1996-06-28,5.026
1996-07-01,5.0475
1996-07-02,5.0675
1996-07-03,5.1375
1996-07-05,5.074
1996-07-08,5.12
1996-07-09,5.075
1996-07-10,5.12
1996-07-11,5.0975
1996-07-12,5.1335
1996-07-15,5.135
1996-07-16,5.1515
1996-07-17,4.995
1996-07-18,5.0
1996-07-19,5.015
1996-07-22,4.9725
1996-07-23,5.03
1996-07-24,4.9825
1996-07-25,4.9865
1996-07-26,4.9875
1996-07-29,5.0875
1996-07-30,5.0685
1996-07-31,5.1125
1996-08-01,5.15
1996-08-02,5.125
1996-08-05,5.1025
1996-08-06,5.07
1996-08-07,5.05
1996-08-08,5.04
1996-08-09,5.12
1996-08-12,5.045
1996-08-13,5.0755
1996-08-14,5.0875
1996-08-15,5.041
1996-08-16,5.0825
1996-08-19,5.0825
1996-08-20,5.2025
1996-08-21,5.2075
1996-08-22,5.1875
1996-08-23,5.2125
1996-08-26,5.244375
1996-08-27,5.255
1996-08-28,5.2115
1996-08-29,5.18
1996-08-30,5.195
1996-09-03,5.1975
1996-09-04,5.1525
1996-09-05,5.1975
1996-09-06,5.14
1996-09-09,5.1175
1996-09-10,5.085
1996-09-11,5.09
1996-09-12,5.0825
1996-09-13,5.046
1996-09-16,5.045
1996-09-17,5.0615
1996-09-18,5.046
1996-09-19,5.058
1996-09-20,4.945
1996-09-23,4.875
1996-09-24,4.91
1996-09-25,4.935
1996-09-26,4.8725
1996-09-27,4.8475
1996-09-30,4.881
1996-10-01,4.8475
1996-10-02,4.9125
1996-10-03,4.9125
1996-10-04,4.8985
1996-10-07,4.86
1996-10-08,4.8925
1996-10-09,4.88
1996-10-10,4.975
1996-10-11,5.0325
1996-10-14,5.04
1996-10-15,5.02
1996-10-16,5.0175
1996-10-17,4.975
1996-10-18,4.8875
1996-10-21,4.8975
1996-10-22,4.9525
1996-10-23,4.9825
1996-10-24,4.984
1996-10-25,4.9025
1996-10-28,4.9185
1996-10-29,4.895
1996-10-30,4.826
1996-10-31,4.825
1996-11-01,4.801
1996-11-04,4.814
1996-11-05,4.832
1996-11-06,4.79
1996-11-07,4.7425
1996-11-08,4.8275
1996-11-11,4.835
1996-11-12,4.905
1996-11-13,4.9
1996-11-14,4.8925
1996-11-15,4.845
1996-11-18,4.9075
1996-11-19,4.874
1996-11-20,4.899
1996-11-21,4.93
1996-11-22,4.86
1996-11-25,4.835
1996-11-26,4.761
1996-11-27,4.74
1996-11-29,4.7425
1996-12-02,4.733
1996-12-03,4.71
1996-12-04,4.825
1996-12-05,4.754
1996-12-06,4.8875
1996-12-09,4.765
1996-12-10,4.8135
1996-12-11,4.865
1996-12-12,4.83
1996-12-13,4.8325
1996-12-16,4.81
1996-12-17,4.805
1996-12-18,4.85
1996-12-19,4.8635
1996-12-20,4.875
1996-12-23,4.825
1996-12-24,4.845
1996-12-26,4.87066666667
1996-12-27,4.8835
1996-12-30,4.88
1996-12-31,4.7975
1997-01-02,4.77
1997-01-03,4.703
1997-01-06,4.665
1997-01-07,4.6825
1997-01-08,4.655
1997-01-09,4.6625
1997-01-10,4.75
1997-01-13,4.76
1997-01-14,4.6925
1997-01-15,4.654
1997-01-16,4.6775
1997-01-17,4.749
1997-01-20,4.745
1997-01-21,4.73
1997-01-22,4.6975
1997-01-23,4.73
1997-01-24,4.9725
1997-01-27,4.941
1997-01-28,5.03
1997-01-29,4.9175
1997-01-30,4.8775
1997-01-31,4.9575
1997-02-03,4.879
1997-02-04,4.905
1997-02-05,4.855
1997-02-06,4.875
1997-02-07,4.8
1997-02-10,4.9175
1997-02-11,4.935
1997-02-12,4.82
1997-02-13,5.1225
1997-02-14,5.1425
1997-02-18,5.2315
1997-02-19,5.2025
1997-02-20,5.165
1997-02-21,5.24
1997-02-24,5.215
1997-02-25,5.1865
1997-02-26,5.229
1997-02-27,5.2525
1997-02-28,5.2525
1997-03-03,5.3075
1997-03-04,5.2825
1997-03-05,5.214
1997-03-06,5.185
1997-03-07,5.175
1997-03-10,5.1375
1997-03-11,5.25
1997-03-12,5.2275
1997-03-13,5.23
1997-03-14,5.2725
1997-03-17,5.255
1997-03-18,5.21
1997-03-19,5.169
1997-03-20,5.24
1997-03-21,5.186
1997-03-24,5.1285
1997-03-25,5.1675
1997-03-26,5.0925
1997-03-27,5.13
1997-03-31,5.054
1997-04-01,5.035
1997-04-02,4.976
1997-04-03,4.8615
1997-04-04,4.7425
1997-04-07,4.7625
1997-04-08,4.8325
1997-04-09,4.77
1997-04-10,4.7725
1997-04-11,4.7925
1997-04-14,4.725
1997-04-15,4.72
1997-04-16,4.7275
1997-04-17,4.835
1997-04-18,4.725
1997-04-21,4.75
1997-04-22,4.7625
1997-04-23,4.7225
1997-04-24,4.7125
1997-04-25,4.7425
1997-04-28,4.724
1997-04-29,4.6425
1997-04-30,4.6625
1997-05-01,4.675
1997-05-02,4.735
1997-05-05,4.74775
1997-05-06,4.752
1997-05-07,4.721
1997-05-08,4.7525
1997-05-09,4.8325
1997-05-12,4.86
1997-05-13,4.825
1997-05-14,4.8735
1997-05-15,4.835
1997-05-16,4.8375
1997-05-19,4.68
1997-05-20,4.7175
1997-05-21,4.672
1997-05-22,4.675
1997-05-23,4.6575
1997-05-27,4.7475
1997-05-28,4.76
1997-05-29,4.7225
1997-05-30,4.857
1997-06-02,4.7325
1997-06-03,4.745
1997-06-04,4.725
1997-06-05,4.7325
1997-06-06,4.9
1997-06-09,4.8135
1997-06-10,4.759
1997-06-11,4.77
1997-06-12,4.745
1997-06-13,4.71
1997-06-16,4.705
1997-06-17,4.72
1997-06-18,4.7975
1997-06-19,4.725
1997-06-20,4.75
1997-06-23,4.7225
1997-06-24,4.8
1997-06-25,4.7725
1997-06-26,4.77
1997-06-27,4.75
1997-06-30,4.715
1997-07-01,4.645
1997-07-02,4.645
1997-07-03,4.654
1997-07-07,4.4735
1997-07-08,4.25
1997-07-09,4.2775
1997-07-10,4.345
1997-07-11,4.359
1997-07-14,4.3425
1997-07-15,4.2775
1997-07-16,4.3175
1997-07-17,4.2235
1997-07-18,4.265
1997-07-21,4.32
1997-07-22,4.28
1997-07-23,4.295
1997-07-24,4.2825
1997-07-25,4.3125
1997-07-28,4.345
1997-07-29,4.3625
1997-07-30,4.3635
1997-07-31,4.3825
1997-08-01,4.474
1997-08-04,4.46
1997-08-05,4.5075
1997-08-06,4.34
1997-08-07,4.325
1997-08-08,4.3825
1997-08-11,4.3925
1997-08-12,4.4315
1997-08-13,4.46
1997-08-14,4.479
1997-08-15,4.41
1997-08-18,4.525
1997-08-19,4.5135
1997-08-20,4.51
1997-08-21,4.5175
1997-08-22,4.4975
1997-08-25,4.618625
1997-08-26,4.659
1997-08-27,4.655
1997-08-28,4.659
1997-08-29,4.725
1997-09-02,4.7025
1997-09-03,4.6325
1997-09-04,4.6725
1997-09-05,4.705
1997-09-08,4.715
1997-09-09,4.675
1997-09-10,4.735
1997-09-11,4.7375
1997-09-12,4.7825
1997-09-15,4.7575
1997-09-16,4.7125
1997-09-17,4.587
1997-09-18,4.632
1997-09-19,4.721
1997-09-22,4.7125
1997-09-23,4.685
1997-09-24,4.7225
1997-09-25,4.751
1997-09-26,4.765
1997-09-29,4.87
1997-09-30,5.1675
1997-10-01,5.185
1997-10-02,5.145
1997-10-03,5.1525
1997-10-06,5.28
1997-10-07,5.181
1997-10-08,5.2505
1997-10-09,5.2375
1997-10-10,5.1425
1997-10-13,5.185
1997-10-14,5.125
1997-10-15,4.99
1997-10-16,5.1025
1997-10-17,4.915
1997-10-20,4.939
1997-10-21,4.955
1997-10-22,4.97
1997-10-23,5.075
1997-10-24,4.9025
1997-10-27,4.828
1997-10-28,4.825
1997-10-29,4.7935
1997-10-30,4.806
1997-10-31,4.815
1997-11-03,4.7825
1997-11-04,4.8425
1997-11-05,4.85
1997-11-06,4.85
1997-11-07,4.95
1997-11-10,4.87
1997-11-11,4.9375
1997-11-12,4.945
1997-11-13,5.0225
1997-11-14,5.0575
1997-11-17,5.135
1997-11-18,5.1075
1997-11-19,5.1225
1997-11-20,5.23
1997-11-21,5.25
1997-11-24,5.475
1997-11-25,5.331
1997-11-26,5.235
1997-11-28,5.2975
1997-12-01,5.235
1997-12-02,5.315
1997-12-03,5.315
1997-12-04,5.295
1997-12-05,5.31
1997-12-08,5.43
1997-12-09,5.3825
1997-12-10,5.835
1997-12-11,6.05
1997-12-12,5.785
1997-12-15,5.96
1997-12-16,5.8375
1997-12-17,6.05
1997-12-18,6.01
1997-12-19,6.085
1997-12-22,6.055
1997-12-23,6.03
1997-12-24,6.2675
1997-12-26,6.2565
1997-12-29,6.24
1997-12-30,6.2025
1997-12-31,5.995
1998-01-02,5.94
1998-01-05,5.88
1998-01-06,6.02
1998-01-07,6.095
1998-01-08,6.0635
1998-01-09,5.74
1998-01-12,5.5325
1998-01-13,5.59
1998-01-14,5.7
1998-01-15,5.795
1998-01-16,5.8925
1998-01-20,5.8
1998-01-21,5.795
1998-01-22,5.88
1998-01-23,5.825
1998-01-26,5.9375
1998-01-27,6.0475
1998-01-28,6.0175
1998-01-29,6.1575
1998-01-30,6.0475
1998-02-02,6.25
1998-02-03,6.385
1998-02-04,7.05
1998-02-05,7.546
1998-02-06,7.81
1998-02-09,7.19
1998-02-10,7.135
1998-02-11,7.09
1998-02-12,7.0
1998-02-13,7.08
1998-02-17,7.215
1998-02-18,6.715
1998-02-19,6.69
1998-02-20,6.765
1998-02-23,6.475
1998-02-24,6.39
1998-02-25,6.34
1998-02-26,6.0475
1998-02-27,6.37
1998-03-02,6.605
1998-03-03,6.4975
1998-03-04,6.39
1998-03-05,6.32
1998-03-06,6.31
1998-03-09,6.064
1998-03-10,6.1175
1998-03-11,6.3125
1998-03-12,6.175
1998-03-13,6.235
1998-03-16,6.1175
1998-03-17,6.0725
1998-03-18,5.8
1998-03-19,5.845
1998-03-20,5.9325
1998-03-23,6.3225
1998-03-24,6.46
1998-03-25,6.338
1998-03-26,6.36
1998-03-27,6.375
1998-03-30,6.35
1998-03-31,6.345
1998-04-01,6.465
1998-04-02,6.454
1998-04-03,6.73
1998-04-06,6.635
1998-04-07,6.385
1998-04-08,6.46
1998-04-09,6.41
1998-04-13,6.41
1998-04-14,6.41
1998-04-15,6.24
1998-04-16,6.0695
1998-04-17,6.275
1998-04-20,6.274
1998-04-21,6.23
1998-04-22,6.31
1998-04-23,6.32
1998-04-24,6.315
1998-04-27,6.215
1998-04-28,6.135
1998-04-29,6.105
1998-04-30,6.215
1998-05-01,6.17
1998-05-04,6.21875
1998-05-05,6.235
1998-05-06,6.0775
1998-05-07,5.88
1998-05-08,6.0075
1998-05-11,5.79
1998-05-12,5.7875
1998-05-13,5.46
1998-05-14,5.56
1998-05-15,5.6625
1998-05-18,5.42
1998-05-19,5.2525
1998-05-20,5.21
1998-05-21,5.34
1998-05-22,5.31
1998-05-26,5.28
1998-05-27,5.085
1998-05-28,5.175
1998-05-29,4.9565
1998-06-01,5.1425
1998-06-02,5.1175
1998-06-03,5.19
1998-06-04,5.175
1998-06-05,5.23
1998-06-08,5.255
1998-06-09,5.46
1998-06-10,5.355
1998-06-11,5.3075
1998-06-12,5.165
1998-06-15,5.0925
1998-06-16,5.135
1998-06-17,5.28
1998-06-18,5.3175
1998-06-19,5.295
1998-06-22,5.31
1998-06-23,5.36
1998-06-24,5.335
1998-06-25,5.2925
1998-06-26,5.39
1998-06-29,5.305
1998-06-30,5.3575
1998-07-01,5.525
1998-07-02,5.445
1998-07-06,5.32
1998-07-07,5.345
1998-07-08,5.33
1998-07-09,5.335
1998-07-10,5.295
1998-07-13,5.2675
1998-07-14,5.33
1998-07-15,5.32
1998-07-16,5.3625
1998-07-17,5.285
1998-07-20,5.39
1998-07-21,5.4225
1998-07-22,5.65
1998-07-23,5.6725
1998-07-24,5.8325
1998-07-27,5.625
1998-07-28,5.64
1998-07-29,5.67
1998-07-30,5.54
1998-07-31,5.525
1998-08-03,5.4075
1998-08-04,5.385
1998-08-05,5.4725
1998-08-06,5.42
1998-08-07,5.41
1998-08-10,5.285
1998-08-11,5.2
1998-08-12,5.245
1998-08-13,5.105
1998-08-14,5.14
1998-08-17,5.13
1998-08-18,5.12
1998-08-19,5.1
1998-08-20,5.1025
1998-08-21,5.16
1998-08-24,5.16
1998-08-25,5.0725
1998-08-26,4.965
1998-08-27,4.975
1998-08-28,4.785
1998-08-31,4.74375
1998-09-01,4.73
1998-09-02,4.8475
1998-09-03,4.81
1998-09-04,4.98
1998-09-08,5.01
1998-09-09,4.85
1998-09-10,4.98
1998-09-11,5.0525
1998-09-14,4.96
1998-09-15,4.93
1998-09-16,4.95
1998-09-17,4.9425
1998-09-18,4.995
1998-09-21,5.005
1998-09-22,4.895
1998-09-23,4.88
1998-09-24,5.06
1998-09-25,5.185
1998-09-28,5.14
1998-09-29,5.355
1998-09-30,5.385
1998-10-01,5.36
1998-10-02,5.305
1998-10-05,5.155
1998-10-06,5.0875
1998-10-07,5.13
1998-10-08,5.22
1998-10-09,5.0125
1998-10-12,4.845
1998-10-13,4.865
1998-10-14,4.8025
1998-10-15,4.82
1998-10-16,4.96
1998-10-19,4.9
1998-10-20,4.855
1998-10-21,4.89
1998-10-22,4.88
1998-10-23,4.865
1998-10-26,4.86
1998-10-27,5.0
1998-10-28,5.06
1998-10-29,5.045
1998-10-30,5.055
1998-11-02,5.035
1998-11-03,4.96
1998-11-04,4.925
1998-11-05,4.95
1998-11-06,5.035
1998-11-09,4.995
1998-11-10,5.0
1998-11-11,4.9875
1998-11-12,4.985
1998-11-13,5.1275
1998-11-16,5.035
1998-11-17,4.95
1998-11-18,4.955
1998-11-19,5.01
1998-11-20,4.96
1998-11-23,4.915
1998-11-24,4.9175
1998-11-25,4.915
1998-11-27,4.935
1998-11-30,4.925
1998-12-01,4.875
1998-12-02,4.875
1998-12-03,4.69
1998-12-04,4.7825
1998-12-07,4.76
1998-12-08,4.78
1998-12-09,4.82
1998-12-10,4.835
1998-12-11,4.835
1998-12-14,4.785
1998-12-15,4.87
1998-12-16,4.9425
1998-12-17,5.0175
1998-12-18,4.935
1998-12-21,4.95
1998-12-22,4.89
1998-12-23,4.89
1998-12-24,4.905
1998-12-28,4.913
1998-12-29,4.915
1998-12-30,5.03
1998-12-31,5.005
1999-01-04,4.995
1999-01-05,4.91
1999-01-06,5.1525
1999-01-07,5.29
1999-01-08,5.21
1999-01-11,5.255
1999-01-12,5.355
1999-01-13,5.185
1999-01-14,5.14
1999-01-15,5.105
1999-01-19,5.125
1999-01-20,5.13
1999-01-21,5.1525
1999-01-22,5.135
1999-01-25,5.095
1999-01-26,5.15
1999-01-27,5.08
1999-01-28,5.0875
1999-01-29,5.2375
1999-02-01,5.275
1999-02-02,5.28
1999-02-03,5.54
1999-02-04,5.62
1999-02-05,5.69
1999-02-08,5.575
1999-02-09,5.53
1999-02-10,5.525
1999-02-11,5.495
1999-02-12,5.64
1999-02-16,5.665
1999-02-17,5.385
1999-02-18,5.4625
1999-02-19,5.6
1999-02-22,5.575
1999-02-23,5.505
1999-02-24,5.5
1999-02-25,5.42
1999-02-26,5.58
1999-03-01,5.62
1999-03-02,5.485
1999-03-03,5.345
1999-03-04,5.2225
1999-03-05,5.295
1999-03-08,5.245
1999-03-09,5.315
1999-03-10,5.24
1999-03-11,5.285
1999-03-12,5.3075
1999-03-15,5.205
1999-03-16,5.055
1999-03-17,5.0425
1999-03-18,5.04
1999-03-19,5.035
1999-03-22,5.07
1999-03-23,5.13
1999-03-24,5.095
1999-03-25,5.055
1999-03-26,5.0575
1999-03-29,5.0925
1999-03-30,5.115
1999-03-31,5.025
1999-04-01,5.01
1999-04-05,4.958
1999-04-06,4.945
1999-04-07,4.9575
1999-04-08,4.9775
1999-04-09,4.915
1999-04-12,4.98
1999-04-13,4.89
1999-04-14,4.94
1999-04-15,4.88
1999-04-16,5.02
1999-04-19,5.065
1999-04-20,5.145
1999-04-21,5.115
1999-04-22,5.1525
1999-04-23,5.1825
1999-04-26,5.145
1999-04-27,5.0975
1999-04-28,5.205
1999-04-29,5.275
1999-04-30,5.44
1999-05-03,5.35375
1999-05-04,5.325
1999-05-05,5.295
1999-05-06,5.43
1999-05-07,5.2725
1999-05-10,5.375
1999-05-11,5.3825
1999-05-12,5.4
1999-05-13,5.365
1999-05-14,5.47
1999-05-17,5.36
1999-05-18,5.375
1999-05-19,5.285
1999-05-20,5.315
1999-05-21,5.305
1999-05-24,5.145
1999-05-25,5.085
1999-05-26,5.05
1999-05-27,4.955
1999-05-28,4.935
1999-06-01,4.88
1999-06-02,4.98
1999-06-03,4.96
1999-06-04,4.9025
1999-06-07,4.98
1999-06-08,4.98
1999-06-09,4.9275
1999-06-10,5.02
1999-06-11,5.09
1999-06-14,5.115
1999-06-15,5.0725
1999-06-16,5.01
1999-06-17,5.0475
1999-06-18,5.065
1999-06-21,4.97
1999-06-22,5.02
1999-06-23,5.07
1999-06-24,5.1
1999-06-25,5.125
1999-06-28,5.0725
1999-06-29,5.15
1999-06-30,5.2175
1999-07-01,5.31
1999-07-02,5.24
1999-07-06,5.2575
1999-07-07,5.175
1999-07-08,5.225
1999-07-09,5.215
1999-07-12,5.2275
1999-07-13,5.0885
1999-07-14,5.12
1999-07-15,5.05
1999-07-16,5.11
1999-07-19,5.05
1999-07-20,5.05
1999-07-21,5.025
1999-07-22,5.115
1999-07-23,5.13
1999-07-26,5.115
1999-07-27,5.16
1999-07-28,5.15
1999-07-29,5.3225
1999-07-30,5.4475
1999-08-02,5.36
1999-08-03,5.41
1999-08-04,5.52
1999-08-05,5.455
1999-08-06,5.385
1999-08-09,5.3575
1999-08-10,5.28
1999-08-11,5.34
1999-08-12,5.395
1999-08-13,5.34
1999-08-16,5.2575
1999-08-17,5.235
1999-08-18,5.24
1999-08-19,5.205
1999-08-20,5.1875
1999-08-23,5.245
1999-08-24,5.13
1999-08-25,5.11
1999-08-26,5.075
1999-08-27,5.12
1999-08-30,5.088125
1999-08-31,5.0775
1999-09-01,5.195
1999-09-02,5.1425
1999-09-03,5.19
1999-09-07,5.16
1999-09-08,5.165
1999-09-09,5.1875
1999-09-10,5.2
1999-09-13,5.19
1999-09-14,5.135
1999-09-15,5.13
1999-09-16,5.1
1999-09-17,5.0975
1999-09-20,5.115
1999-09-21,5.14
1999-09-22,5.255
1999-09-23,5.26
1999-09-24,5.25
1999-09-27,5.3175
1999-09-28,5.44
1999-09-29,5.71
1999-09-30,5.575
1999-10-01,5.6725
1999-10-04,5.605
1999-10-05,5.71
1999-10-06,5.4725
1999-10-07,5.5775
1999-10-08,5.555
1999-10-11,5.52
1999-10-12,5.565
1999-10-13,5.55
1999-10-14,5.65
1999-10-15,5.38
1999-10-18,5.345
1999-10-19,5.23
1999-10-20,5.24
1999-10-21,5.1725
1999-10-22,5.21
1999-10-25,5.24
1999-10-26,5.2625
1999-10-27,5.185
1999-10-28,5.21
1999-10-29,5.29
1999-11-01,5.195
1999-11-02,5.21
1999-11-03,5.22
1999-11-04,5.22
1999-11-05,5.21
1999-11-08,5.055
1999-11-09,5.0775
1999-11-10,5.11
1999-11-11,5.125
1999-11-12,5.075
1999-11-15,5.07
1999-11-16,5.095
1999-11-17,5.1675
1999-11-18,5.1
1999-11-19,5.13
1999-11-22,5.135
1999-11-23,5.1725
1999-11-24,5.25
1999-11-26,5.1975
1999-11-29,5.22
1999-11-30,5.18
1999-12-01,5.19
1999-12-02,5.16
1999-12-03,5.085
1999-12-06,5.07
1999-12-07,5.135
1999-12-08,5.14
1999-12-09,5.09
1999-12-10,5.1075
1999-12-13,5.115
1999-12-14,5.1025
1999-12-15,5.185
1999-12-16,5.16
1999-12-17,5.2
1999-12-20,5.2
1999-12-21,5.175
1999-12-22,5.165
1999-12-23,5.1975
1999-12-27,5.19
1999-12-28,5.19
1999-12-29,5.19
1999-12-30,5.33
1999-12-31,5.3245
2000-01-03,5.308
2000-01-04,5.3025
2000-01-05,5.285
2000-01-06,5.14
2000-01-07,5.135
2000-01-10,5.145
2000-01-11,5.155
2000-01-12,5.145
2000-01-13,5.09
2000-01-14,5.095
2000-01-18,5.13
2000-01-19,5.1025
2000-01-20,5.13
2000-01-21,5.18
2000-01-24,5.21
2000-01-25,5.2675
2000-01-26,5.2
2000-01-27,5.295
2000-01-28,5.37
2000-01-31,5.26
2000-02-01,5.2425
2000-02-02,5.2075
2000-02-03,5.2
2000-02-04,5.23
2000-02-07,5.4475
2000-02-08,5.27
2000-02-09,5.3625
2000-02-10,5.36
2000-02-11,5.36
2000-02-14,5.235
2000-02-15,5.24
2000-02-16,5.23
2000-02-17,5.285
2000-02-18,5.23
2000-02-22,5.24
2000-02-23,5.255
2000-02-24,5.22
2000-02-25,5.15
2000-02-28,5.0775
2000-02-29,5.095
2000-03-01,5.125
2000-03-02,5.035
2000-03-03,5.02
2000-03-06,5.09
2000-03-07,5.05
2000-03-08,5.065
2000-03-09,5.05
2000-03-10,5.11
2000-03-13,5.0925
2000-03-14,5.08
2000-03-15,5.08
2000-03-16,5.115
2000-03-17,5.06
2000-03-20,5.065
2000-03-21,5.035
2000-03-22,5.13
2000-03-23,5.105
2000-03-24,5.08
2000-03-27,5.09
2000-03-28,5.065
2000-03-29,5.05
2000-03-30,4.94
2000-03-31,4.935
2000-04-03,5.04
2000-04-04,4.99
2000-04-05,5.11
2000-04-06,5.095
2000-04-07,5.085
2000-04-10,5.08
2000-04-11,5.1175
2000-04-12,5.095
2000-04-13,5.1
2000-04-14,5.13
2000-04-17,5.135
2000-04-18,5.085
2000-04-19,5.1025
2000-04-20,5.095
2000-04-24,4.987
2000-04-25,4.96
2000-04-26,4.97
2000-04-27,4.975
2000-04-28,4.9375
2000-05-01,4.988125
2000-05-02,5.005
2000-05-03,5.0
2000-05-04,5.0
2000-05-05,5.075
2000-05-08,4.985
2000-05-09,4.99
2000-05-10,5.025
2000-05-11,5.0
2000-05-12,4.97
2000-05-15,4.98
2000-05-16,5.005
2000-05-17,5.04
2000-05-18,4.965
2000-05-19,4.98
2000-05-22,4.9775
2000-05-23,4.995
2000-05-24,4.98
2000-05-25,4.9675
2000-05-26,4.915
2000-05-30,4.94
2000-05-31,4.9
2000-06-01,4.895
2000-06-02,4.91
2000-06-05,5.03
2000-06-06,5.005
2000-06-07,5.045
2000-06-08,5.055
2000-06-09,5.035
2000-06-12,5.01
2000-06-13,5.0875
2000-06-14,4.995
2000-06-15,5.06
2000-06-16,5.05
2000-06-19,5.04
2000-06-20,4.99
2000-06-21,5.02
2000-06-22,4.93
2000-06-23,4.955
2000-06-26,4.94
2000-06-27,4.955
2000-06-28,4.935
2000-06-29,4.9775
2000-06-30,5.0175
2000-07-03,4.995
2000-07-05,4.99
2000-07-06,4.97
2000-07-07,4.985
2000-07-10,4.975
2000-07-11,4.975
2000-07-12,4.955
2000-07-13,4.955
2000-07-14,4.96
2000-07-17,5.005
2000-07-18,5.015
2000-07-19,4.99
2000-07-20,4.96
2000-07-21,4.9875
2000-07-24,4.925
2000-07-25,4.92
2000-07-26,4.965
2000-07-27,4.935
2000-07-28,4.95
2000-07-31,4.95
2000-08-01,4.9775
2000-08-02,4.96
2000-08-03,4.9575
2000-08-04,4.9475
2000-08-07,4.92
2000-08-08,4.925
2000-08-09,4.87
2000-08-10,4.875
2000-08-11,4.9
2000-08-14,4.91
2000-08-15,4.865
2000-08-16,4.845
2000-08-17,4.87
2000-08-18,4.8525
2000-08-21,4.835
2000-08-22,4.8275
2000-08-23,4.81
2000-08-24,4.76
2000-08-25,4.86
2000-08-28,4.87875
2000-08-29,4.885
2000-08-30,4.8925
2000-08-31,4.91
2000-09-01,4.94
2000-09-05,4.9425
2000-09-06,4.95
2000-09-07,4.91
2000-09-08,4.89
2000-09-11,4.865
2000-09-12,4.855
2000-09-13,4.88
2000-09-14,4.865
2000-09-15,4.8675
2000-09-18,4.855
2000-09-19,4.8475
2000-09-20,4.855
2000-09-21,4.82
2000-09-22,4.8825
2000-09-25,4.8925
2000-09-26,4.8975
2000-09-27,4.9
2000-09-28,4.9375
2000-09-29,4.8875
2000-10-02,4.8825
2000-10-03,4.88
2000-10-04,4.885
2000-10-05,4.875
2000-10-06,4.855
2000-10-09,4.86
2000-10-10,4.865
2000-10-11,4.885
2000-10-12,4.8525
2000-10-13,4.8825
2000-10-16,4.86
2000-10-17,4.845
2000-10-18,4.84
2000-10-19,4.83
2000-10-20,4.815
2000-10-23,4.83
2000-10-24,4.78
2000-10-25,4.78
2000-10-26,4.75
2000-10-27,4.7175
2000-10-30,4.755
2000-10-31,4.74
2000-11-01,4.75
2000-11-02,4.75
2000-11-03,4.71
2000-11-06,4.73
2000-11-07,4.74
2000-11-08,4.715
2000-11-09,4.7225
2000-11-10,4.725
2000-11-13,4.67
2000-11-14,4.6625
2000-11-15,4.66
2000-11-16,4.67
2000-11-17,4.6525
2000-11-20,4.645
2000-11-21,4.6475
2000-11-22,4.62
2000-11-24,4.615
2000-11-27,4.62
2000-11-28,4.6925
2000-11-29,4.695
2000-11-30,4.63
2000-12-01,4.685
2000-12-04,4.665
2000-12-05,4.6925
2000-12-06,4.71
2000-12-07,4.745
2000-12-08,4.71
2000-12-11,4.66
2000-12-12,4.66
2000-12-13,4.65
2000-12-14,4.6375
2000-12-15,4.61
2000-12-18,4.575
2000-12-19,4.57
2000-12-20,4.61
2000-12-21,4.605
2000-12-22,4.6
2000-12-26,4.624
2000-12-27,4.63
2000-12-28,4.595
2000-12-29,4.575
2001-01-02,4.59
2001-01-03,4.525
2001-01-04,4.495
2001-01-05,4.52
2001-01-08,4.57
2001-01-09,4.55
2001-01-10,4.53
2001-01-11,4.545
2001-01-12,4.56
2001-01-16,4.605
2001-01-17,4.6675
2001-01-18,4.725
2001-01-19,4.82
2001-01-22,4.775
2001-01-23,4.805
2001-01-24,4.765
2001-01-25,4.7775
2001-01-26,4.785
2001-01-29,4.785
2001-01-30,4.7975
2001-01-31,4.79
2001-02-01,4.7975
2001-02-02,4.745
2001-02-05,4.72
2001-02-06,4.66
2001-02-07,4.63
2001-02-08,4.58
2001-02-09,4.57
2001-02-12,4.555
2001-02-13,4.57
2001-02-14,4.55
2001-02-15,4.515
2001-02-16,4.5
2001-02-20,4.4975
2001-02-21,4.42
2001-02-22,4.425
2001-02-23,4.45
2001-02-26,4.435
2001-02-27,4.4625
2001-02-28,4.43
2001-03-01,4.51
2001-03-02,4.42
2001-03-05,4.4
2001-03-06,4.42
2001-03-07,4.42
2001-03-08,4.46
2001-03-09,4.505
2001-03-12,4.51
2001-03-13,4.415
2001-03-14,4.45
2001-03-15,4.42
2001-03-16,4.35
2001-03-19,4.325
2001-03-20,4.335
2001-03-21,4.335
2001-03-22,4.34
2001-03-23,4.345
2001-03-26,4.35
2001-03-27,4.365
2001-03-28,4.4275
2001-03-29,4.36
2001-03-30,4.33
2001-04-02,4.295
2001-04-03,4.325
2001-04-04,4.325
2001-04-05,4.345
2001-04-06,4.35
2001-04-09,4.35
2001-04-10,4.325
2001-04-11,4.33
2001-04-12,4.365
2001-04-16,4.397
2001-04-17,4.405
2001-04-18,4.325
2001-04-19,4.375
2001-04-20,4.43
2001-04-23,4.42
2001-04-24,4.43
2001-04-25,4.435
2001-04-26,4.38
2001-04-27,4.4
2001-04-30,4.365
2001-05-01,4.3375
2001-05-02,4.385
2001-05-03,4.385
2001-05-04,4.36
2001-05-07,4.33375
2001-05-08,4.325
2001-05-09,4.3225
2001-05-10,4.395
2001-05-11,4.345
2001-05-14,4.34
2001-05-15,4.34
2001-05-16,4.335
2001-05-17,4.42
2001-05-18,4.45
2001-05-21,4.585
2001-05-22,4.515
2001-05-23,4.52
2001-05-24,4.625
2001-05-25,4.5675
2001-05-29,4.52
2001-05-30,4.5125
2001-05-31,4.425
2001-06-01,4.395
2001-06-04,4.405
2001-06-05,4.3475
2001-06-06,4.36
2001-06-07,4.335
2001-06-08,4.345
2001-06-11,4.36
2001-06-12,4.3325
2001-06-13,4.385
2001-06-14,4.3975
2001-06-15,4.45
2001-06-18,4.375
2001-06-19,4.43
2001-06-20,4.4
2001-06-21,4.35
2001-06-22,4.335
2001-06-25,4.32
2001-06-26,4.3
2001-06-27,4.3525
2001-06-28,4.305
2001-06-29,4.335
2001-07-02,4.305
2001-07-03,4.29
2001-07-05,4.26
2001-07-06,4.225
2001-07-09,4.265
2001-07-10,4.265
2001-07-11,4.255
2001-07-12,4.26
2001-07-13,4.2525
2001-07-16,4.31
2001-07-17,4.22
2001-07-18,4.24
2001-07-19,4.27
2001-07-20,4.22
2001-07-23,4.2575
2001-07-24,4.26
2001-07-25,4.24
2001-07-26,4.24
2001-07-27,4.25
2001-07-30,4.225
2001-07-31,4.215
2001-08-01,4.24
2001-08-02,4.2325
2001-08-03,4.24
2001-08-06,4.22
2001-08-07,4.14
2001-08-08,4.155
2001-08-09,4.155
2001-08-10,4.22
2001-08-13,4.175
2001-08-14,4.16
2001-08-15,4.23
2001-08-16,4.17
2001-08-17,4.215
2001-08-20,4.24
2001-08-21,4.165
2001-08-22,4.205
2001-08-23,4.195
2001-08-24,4.22
2001-08-27,4.2125
2001-08-28,4.21
2001-08-29,4.21
2001-08-30,4.2025
2001-08-31,4.2
2001-09-04,4.175
2001-09-05,4.19
2001-09-06,4.18
2001-09-07,4.185
2001-09-10,4.18
2001-09-17,4.29
2001-09-18,4.365
2001-09-19,4.465
2001-09-20,4.62
2001-09-21,4.6
2001-09-24,4.5075
2001-09-25,4.52
2001-09-26,4.5525
2001-09-27,4.545
2001-09-28,4.585
2001-10-01,4.58
2001-10-02,4.595
2001-10-03,4.5875
2001-10-04,4.61
2001-10-05,4.645
2001-10-08,4.645
2001-10-09,4.63
2001-10-10,4.4875
2001-10-11,4.415
2001-10-12,4.42
2001-10-15,4.42
2001-10-16,4.355
2001-10-17,4.375
2001-10-18,4.345
2001-10-19,4.24
2001-10-22,4.235
2001-10-23,4.225
2001-10-24,4.245
2001-10-25,4.19
2001-10-26,4.205
2001-10-29,4.215
2001-10-30,4.2875
2001-10-31,4.275
2001-11-01,4.235
2001-11-02,4.22
2001-11-05,4.125
2001-11-06,4.125
2001-11-07,4.145
2001-11-08,4.13
2001-11-09,4.105
2001-11-12,4.15
2001-11-13,4.1125
2001-11-14,4.18
2001-11-15,4.11
2001-11-16,4.1175
2001-11-19,4.11
2001-11-20,4.08
2001-11-21,4.065
2001-11-23,4.095
2001-11-26,4.07
2001-11-27,4.07
2001-11-28,4.09
2001-11-29,4.1375
2001-11-30,4.14
2001-12-03,4.18
2001-12-04,4.2075
2001-12-05,4.145
2001-12-06,4.22
2001-12-07,4.27
2001-12-10,4.235
2001-12-11,4.245
2001-12-12,4.29
2001-12-13,4.27
2001-12-14,4.36
2001-12-17,4.385
2001-12-18,4.44
2001-12-19,4.49
2001-12-20,4.385
2001-12-21,4.52
2001-12-24,4.54
2001-12-26,4.54
2001-12-27,4.54
2001-12-28,4.5
2001-12-31,4.52
2002-01-02,4.59
2002-01-03,4.63
2002-01-04,4.68
2002-01-07,4.715
2002-01-08,4.77
2002-01-09,4.75
2002-01-10,4.845
2002-01-11,4.76
2002-01-14,4.6675
2002-01-15,4.555
2002-01-16,4.67
2002-01-17,4.565
2002-01-18,4.4125
2002-01-22,4.34
2002-01-23,4.2975
2002-01-24,4.2925
2002-01-25,4.3325
2002-01-28,4.285
2002-01-29,4.235
2002-01-30,4.295
2002-01-31,4.275
2002-02-01,4.2475
2002-02-04,4.3
2002-02-05,4.3
2002-02-06,4.475
2002-02-07,4.365
2002-02-08,4.38
2002-02-11,4.4
2002-02-12,4.3875
2002-02-13,4.44
2002-02-14,4.51
2002-02-15,4.58
2002-02-19,4.515
2002-02-20,4.495
2002-02-21,4.405
2002-02-22,4.445
2002-02-25,4.395
2002-02-26,4.375
2002-02-27,4.45
2002-02-28,4.435
2002-03-01,4.495
2002-03-04,4.5975
2002-03-05,4.57
2002-03-06,4.525
2002-03-07,4.48
2002-03-08,4.485
2002-03-11,4.53
2002-03-12,4.4925
2002-03-13,4.5025
2002-03-14,4.5425
2002-03-15,4.485
2002-03-18,4.485
2002-03-19,4.5075
2002-03-20,4.515
2002-03-21,4.5125
2002-03-22,4.505
2002-03-25,4.535
2002-03-26,4.5625
2002-03-27,4.642
2002-03-28,4.675
2002-04-01,4.667
2002-04-02,4.665
2002-04-03,4.7
2002-04-04,4.6125
2002-04-05,4.615
2002-04-08,4.5575
2002-04-09,4.565
2002-04-10,4.555
2002-04-11,4.615
2002-04-12,4.565
2002-04-15,4.58
2002-04-16,4.46
2002-04-17,4.445
2002-04-18,4.46
2002-04-19,4.5025
2002-04-22,4.54
2002-04-23,4.525
2002-04-24,4.5825
2002-04-25,4.59
2002-04-26,4.62
2002-04-29,4.635
2002-04-30,4.6
2002-05-01,4.54
2002-05-02,4.52
2002-05-03,4.565
2002-05-06,4.60625
2002-05-07,4.62
2002-05-08,4.62
2002-05-09,4.56
2002-05-10,4.6225
2002-05-13,4.69
2002-05-14,4.615
2002-05-15,4.6
2002-05-16,4.635
2002-05-17,4.64
2002-05-20,4.66
2002-05-21,4.785
2002-05-22,4.82
2002-05-23,4.775
2002-05-24,4.855
2002-05-28,4.82
2002-05-29,4.91
2002-05-30,4.905
2002-05-31,5.045
2002-06-03,5.048
2002-06-04,5.049
2002-06-05,5.05
2002-06-06,4.935
2002-06-07,5.0075
2002-06-10,4.94
2002-06-11,4.89
2002-06-12,4.88
2002-06-13,4.865
2002-06-14,4.89
2002-06-17,4.82
2002-06-18,4.845
2002-06-19,4.895
2002-06-20,4.86
2002-06-21,4.88
2002-06-24,4.905
2002-06-25,4.85
2002-06-26,4.88
2002-06-27,4.82
2002-06-28,4.87
2002-07-01,4.8
2002-07-02,4.865
2002-07-03,4.915
2002-07-05,4.91
2002-07-08,4.94
2002-07-09,4.965
2002-07-10,5.0425
2002-07-11,5.02
2002-07-12,5.06
2002-07-15,5.045
2002-07-16,5.0975
2002-07-17,5.0
2002-07-18,4.995
2002-07-19,5.01
2002-07-22,5.05
2002-07-23,4.9875
2002-07-24,4.86
2002-07-25,4.86
2002-07-26,4.825
2002-07-29,4.65
2002-07-30,4.66
2002-07-31,4.66
2002-08-01,4.54
2002-08-02,4.625
2002-08-05,4.62
2002-08-06,4.605
2002-08-07,4.64
2002-08-08,4.68
2002-08-09,4.63
2002-08-12,4.705
2002-08-13,4.6
2002-08-14,4.63
2002-08-15,4.485
2002-08-16,4.505
2002-08-19,4.4975
2002-08-20,4.435
2002-08-21,4.44
2002-08-22,4.42
2002-08-23,4.44
2002-08-26,4.44
2002-08-27,4.44
2002-08-28,4.5
2002-08-29,4.495
2002-08-30,4.565
2002-09-03,4.485
2002-09-04,4.465
2002-09-05,4.505
2002-09-06,4.53
2002-09-09,4.535
2002-09-10,4.54
2002-09-11,4.53
2002-09-12,4.5475
2002-09-13,4.59
2002-09-16,4.545
2002-09-17,4.55
2002-09-18,4.58
2002-09-19,4.6475
2002-09-20,4.62
2002-09-23,4.6375
2002-09-24,4.625
2002-09-25,4.62
2002-09-26,4.555
2002-09-27,4.51
2002-09-30,4.5325
2002-10-01,4.5225
2002-10-02,4.485
2002-10-03,4.4875
2002-10-04,4.475
2002-10-07,4.485
2002-10-08,4.44
2002-10-09,4.355
2002-10-10,4.345
2002-10-11,4.295
2002-10-14,4.3325
2002-10-15,4.305
2002-10-16,4.315
2002-10-17,4.355
2002-10-18,4.34
2002-10-21,4.375
2002-10-22,4.3775
2002-10-23,4.41
2002-10-24,4.39
2002-10-25,4.375
2002-10-28,4.42
2002-10-29,4.43
2002-10-30,4.4775
2002-10-31,4.475
2002-11-01,4.545
2002-11-04,4.45
2002-11-05,4.5
2002-11-06,4.47
2002-11-07,4.5025
2002-11-08,4.5875
2002-11-11,4.53
2002-11-12,4.565
2002-11-13,4.5725
2002-11-14,4.555
2002-11-15,4.55
2002-11-18,4.54
2002-11-19,4.55
2002-11-20,4.545
2002-11-21,4.535
2002-11-22,4.46
2002-11-25,4.5
2002-11-26,4.47
2002-11-27,4.44
2002-11-29,4.43
2002-12-02,4.43
2002-12-03,4.4425
2002-12-04,4.57
2002-12-05,4.615
2002-12-06,4.6525
2002-12-09,4.625
2002-12-10,4.58
2002-12-11,4.625
2002-12-12,4.65
2002-12-13,4.7425
2002-12-16,4.7
2002-12-17,4.725
2002-12-18,4.62
2002-12-19,4.72
2002-12-20,4.665
2002-12-23,4.625
2002-12-24,4.615
2002-12-26,4.65166666667
2002-12-27,4.67
2002-12-30,4.72
2002-12-31,4.665
2003-01-02,4.74
2003-01-03,4.785
2003-01-06,4.91
2003-01-07,4.84
2003-01-08,4.775
2003-01-09,4.8325
2003-01-10,4.84
2003-01-13,4.82
2003-01-14,4.81
2003-01-15,4.7325
2003-01-16,4.77
2003-01-17,4.8125
2003-01-21,4.76
2003-01-22,4.825
2003-01-23,4.85
2003-01-24,4.78
2003-01-27,4.905
2003-01-28,4.8
2003-01-29,4.85
2003-01-30,4.785
2003-01-31,4.8725
2003-02-03,4.845
2003-02-04,4.85
2003-02-05,4.9275
2003-02-06,4.775
2003-02-07,4.71
2003-02-10,4.65
2003-02-11,4.5725
2003-02-12,4.565
2003-02-13,4.5225
2003-02-14,4.53
2003-02-18,4.51
2003-02-19,4.5775
2003-02-20,4.64
2003-02-21,4.6375
2003-02-24,4.675
2003-02-25,4.6975
2003-02-26,4.625
2003-02-27,4.65
2003-02-28,4.595
2003-03-03,4.61
2003-03-04,4.6775
2003-03-05,4.6575
2003-03-06,4.63
2003-03-07,4.6675
2003-03-10,4.675
2003-03-11,4.655
2003-03-12,4.665
2003-03-13,4.585
2003-03-14,4.54
2003-03-17,4.57
2003-03-18,4.47
2003-03-19,4.48
2003-03-20,4.405
2003-03-21,4.4025
2003-03-24,4.3775
2003-03-25,4.395
2003-03-26,4.38
2003-03-27,4.4075
2003-03-28,4.385
2003-03-31,4.46
2003-04-01,4.4375
2003-04-02,4.395
2003-04-03,4.37
2003-04-04,4.39
2003-04-07,4.385
2003-04-08,4.42
2003-04-09,4.475
2003-04-10,4.47
2003-04-11,4.465
2003-04-14,4.48
2003-04-15,4.515
2003-04-16,4.49
2003-04-17,4.48
2003-04-21,4.53
2003-04-22,4.5425
2003-04-23,4.565
2003-04-24,4.605
2003-04-25,4.62
2003-04-28,4.625
2003-04-29,4.555
2003-04-30,4.605
2003-05-01,4.66
2003-05-02,4.75
2003-05-05,4.78375
2003-05-06,4.795
2003-05-07,4.76
2003-05-08,4.725
2003-05-09,4.78
2003-05-12,4.79
2003-05-13,4.835
2003-05-14,4.815
2003-05-15,4.865
2003-05-16,4.79
2003-05-19,4.83
2003-05-20,4.84
2003-05-21,4.74
2003-05-22,4.715
2003-05-23,4.675
2003-05-27,4.6825
2003-05-28,4.59
2003-05-29,4.61
2003-05-30,4.56
2003-06-02,4.5
2003-06-03,4.515
2003-06-04,4.52
2003-06-05,4.48
2003-06-06,4.53
2003-06-09,4.52
2003-06-10,4.51
2003-06-11,4.4825
2003-06-12,4.495
2003-06-13,4.51
2003-06-16,4.59
2003-06-17,4.615
2003-06-18,4.57
2003-06-19,4.5225
2003-06-20,4.555
2003-06-23,4.53
2003-06-24,4.54
2003-06-25,4.505
2003-06-26,4.53
2003-06-27,4.525
2003-06-30,4.505
2003-07-01,4.555
2003-07-02,4.575
2003-07-03,4.625
2003-07-07,4.655
2003-07-08,4.69
2003-07-09,4.74
2003-07-10,4.825
2003-07-11,4.755
2003-07-14,4.795
2003-07-15,4.78
2003-07-16,4.67
2003-07-17,4.68
2003-07-18,4.66
2003-07-21,4.73
2003-07-22,4.7525
2003-07-23,4.8325
2003-07-24,5.06
2003-07-25,5.015
2003-07-28,5.08
2003-07-29,5.02
2003-07-30,5.1
2003-07-31,5.08
2003-08-01,5.12
2003-08-04,5.035
2003-08-05,4.98
2003-08-06,4.93
2003-08-07,4.935
2003-08-08,5.05
2003-08-11,4.98
2003-08-12,4.98
2003-08-13,4.87
2003-08-14,5.04
2003-08-15,5.015
2003-08-18,4.915
2003-08-19,4.92
2003-08-20,4.995
2003-08-21,4.985
2003-08-22,4.93
2003-08-25,4.945
2003-08-26,4.95
2003-08-27,4.995
2003-08-28,5.09
2003-08-29,5.105
2003-09-02,5.11
2003-09-03,4.975
2003-09-04,5.015
2003-09-05,5.0
2003-09-08,5.095
2003-09-09,5.135
2003-09-10,5.21
2003-09-11,5.225
2003-09-12,5.315
2003-09-15,5.155
2003-09-16,5.165
2003-09-17,5.16
2003-09-18,5.3
2003-09-19,5.2
2003-09-22,5.31
2003-09-23,5.255
2003-09-24,5.225
2003-09-25,5.3175
2003-09-26,5.19
2003-09-29,5.125
2003-09-30,5.115
2003-10-01,5.125
2003-10-02,5.075
2003-10-03,5.08
2003-10-06,4.835
2003-10-07,4.84
2003-10-08,4.89
2003-10-09,4.815
2003-10-10,4.855
2003-10-13,4.885
2003-10-14,4.94
2003-10-15,4.905
2003-10-16,4.91
2003-10-17,4.92
2003-10-20,4.915
2003-10-21,5.0
2003-10-22,5.08
2003-10-23,5.145
2003-10-24,5.1475
2003-10-27,5.125
2003-10-28,5.15
2003-10-29,5.0925
2003-10-30,5.185
2003-10-31,5.135
2003-11-03,5.06
2003-11-04,4.9325
2003-11-05,5.0075
2003-11-06,4.955
2003-11-07,4.965
2003-11-10,5.03
2003-11-11,5.06
2003-11-12,5.075
2003-11-13,5.32
2003-11-14,5.3
2003-11-17,5.385
2003-11-18,5.205
2003-11-19,5.32
2003-11-20,5.265
2003-11-21,5.235
2003-11-24,5.24
2003-11-25,5.21
2003-11-26,5.3
2003-11-28,5.35
2003-12-01,5.36
2003-12-02,5.46
2003-12-03,5.47
2003-12-04,5.44
2003-12-05,5.415
2003-12-08,5.505
2003-12-09,5.54
2003-12-10,5.605
2003-12-11,5.54
2003-12-12,5.62
2003-12-15,5.555
2003-12-16,5.66
2003-12-17,5.63
2003-12-18,5.7
2003-12-19,5.665
2003-12-22,5.725
2003-12-23,5.685
2003-12-24,5.72
2003-12-26,5.776
2003-12-29,5.86
2003-12-30,5.91
2003-12-31,5.965
2004-01-02,5.985
2004-01-05,5.975
2004-01-06,6.28
2004-01-07,6.215
2004-01-08,6.2
2004-01-09,6.245
2004-01-12,6.65
2004-01-13,6.615
2004-01-14,6.545
2004-01-15,6.315
2004-01-16,6.205
2004-01-20,6.39
2004-01-21,6.3
2004-01-22,6.26
2004-01-23,6.345
2004-01-26,6.245
2004-01-27,6.24
2004-01-28,6.54
2004-01-29,6.535
2004-01-30,6.225
2004-02-02,6.205
2004-02-03,6.175
2004-02-04,6.08
2004-02-05,6.14
2004-02-06,6.095
2004-02-09,6.345
2004-02-10,6.435
2004-02-11,6.285
2004-02-12,6.54
2004-02-13,6.5625
2004-02-17,6.64
2004-02-18,6.82
2004-02-19,6.6175
2004-02-20,6.6075
2004-02-23,6.49
2004-02-24,6.5375
2004-02-25,6.7575
2004-02-26,6.3625
2004-02-27,6.58
2004-03-01,6.73
2004-03-02,6.86
2004-03-03,6.595
2004-03-04,6.82
2004-03-05,6.795
2004-03-08,6.92
2004-03-09,6.92
2004-03-10,7.17
2004-03-11,7.095
2004-03-12,7.205
2004-03-15,7.105
2004-03-16,7.155
2004-03-17,7.155
2004-03-18,7.235
2004-03-19,7.425
2004-03-22,7.65
2004-03-23,7.54
2004-03-24,7.675
2004-03-25,7.54
2004-03-26,7.49
2004-03-29,7.67
2004-03-30,7.61
2004-03-31,7.825
2004-04-01,7.94
2004-04-02,8.29
2004-04-05,8.195
2004-04-06,8.14
2004-04-07,8.155
2004-04-08,8.085
2004-04-12,7.901
2004-04-13,7.855
2004-04-14,7.155
2004-04-15,6.86
2004-04-16,7.115
2004-04-19,7.275
2004-04-20,7.035
2004-04-21,6.42
2004-04-22,6.14
2004-04-23,6.19
2004-04-26,6.225
2004-04-27,6.275
2004-04-28,6.23
2004-04-29,5.57
2004-04-30,5.95
2004-05-03,6.0625
2004-05-04,6.1
2004-05-05,6.085
2004-05-06,6.03
2004-05-07,5.8
2004-05-10,5.495
2004-05-11,5.67
2004-05-12,5.635
2004-05-13,5.55
2004-05-14,5.56
2004-05-17,5.81
2004-05-18,5.74
2004-05-19,5.72
2004-05-20,5.835
2004-05-21,5.86
2004-05-24,5.835
2004-05-25,6.03
2004-05-26,6.11
2004-05-27,6.07
2004-05-28,6.165
2004-06-01,6.17
2004-06-02,6.09
2004-06-03,5.82
2004-06-04,5.76
2004-06-07,5.865
2004-06-08,5.9
2004-06-09,5.74
2004-06-10,5.6575
2004-06-14,5.66
2004-06-15,5.63
2004-06-16,5.65
2004-06-17,5.755
2004-06-18,5.95
2004-06-21,5.94
2004-06-22,5.8
2004-06-23,5.88
2004-06-24,5.875
2004-06-25,6.15
2004-06-28,6.1775
2004-06-29,5.89
2004-06-30,5.91
2004-07-01,5.875
2004-07-02,5.885
2004-07-06,6.025
2004-07-07,6.035
2004-07-08,6.2
2004-07-09,6.5
2004-07-12,6.53
2004-07-13,6.38
2004-07-14,6.415
2004-07-15,6.54
2004-07-16,6.62
2004-07-19,6.705
2004-07-20,6.575
2004-07-21,6.47
2004-07-22,6.345
2004-07-23,6.31
2004-07-26,6.295
2004-07-27,6.24
2004-07-28,6.19
2004-07-29,6.32
2004-07-30,6.42
2004-08-02,6.64
2004-08-03,6.5
2004-08-04,6.62
2004-08-05,6.64
2004-08-06,6.68
2004-08-09,6.7
2004-08-10,6.68
2004-08-11,6.6
2004-08-12,6.58
2004-08-13,6.48
2004-08-16,6.69
2004-08-17,6.71
2004-08-18,6.695
2004-08-19,6.82
2004-08-20,6.805
2004-08-23,6.77
2004-08-24,6.65
2004-08-25,6.57
2004-08-26,6.6
2004-08-27,6.675
2004-08-30,6.72375
2004-08-31,6.74
2004-09-01,6.73
2004-09-02,6.76
2004-09-03,6.7125
2004-09-07,6.515
2004-09-08,6.18
2004-09-09,6.13
2004-09-10,6.14
2004-09-13,6.13
2004-09-14,6.19
2004-09-15,6.185
2004-09-16,6.2675
2004-09-17,6.265
2004-09-20,6.205
2004-09-21,6.28
2004-09-22,6.3
2004-09-23,6.39
2004-09-24,6.42
2004-09-27,6.39
2004-09-28,6.59
2004-09-29,6.53
2004-09-30,6.665
2004-10-01,6.84
2004-10-04,6.83
2004-10-05,6.735
2004-10-06,7.15
2004-10-07,7.13
2004-10-08,7.15
2004-10-11,7.235
2004-10-12,7.025
2004-10-13,6.785
2004-10-14,6.995
2004-10-15,7.06
2004-10-18,7.04
2004-10-19,6.96
2004-10-20,7.24
2004-10-21,7.325
2004-10-22,7.205
2004-10-25,7.44
2004-10-26,7.31
2004-10-27,7.32
2004-10-28,7.06
2004-10-29,7.16
2004-11-01,7.24
2004-11-02,7.195
2004-11-03,7.045
2004-11-04,7.255
2004-11-05,7.36
2004-11-08,7.445
2004-11-09,7.43
2004-11-10,7.5
2004-11-11,7.415
2004-11-12,7.485
2004-11-15,7.59
2004-11-16,7.505
2004-11-17,7.6225
2004-11-18,7.66
2004-11-19,7.585
2004-11-22,7.615
2004-11-23,7.565
2004-11-24,7.56
2004-11-26,7.67
2004-11-29,7.65
2004-11-30,7.755
2004-12-01,7.715
2004-12-02,8.04
2004-12-03,7.83
2004-12-06,8.0
2004-12-07,7.8425
2004-12-08,7.48
2004-12-09,6.9
2004-12-10,6.71
2004-12-13,6.8275
2004-12-14,6.765
2004-12-15,6.78
2004-12-16,6.785
2004-12-17,6.685
2004-12-20,6.81
2004-12-21,6.85
2004-12-22,6.845
2004-12-23,6.88
2004-12-27,6.936
2004-12-28,6.953
2004-12-29,6.97
2004-12-30,6.77
2004-12-31,6.815
2005-01-03,6.49625
2005-01-04,6.39
2005-01-05,6.455
2005-01-06,6.42
2005-01-07,6.46
2005-01-10,6.47
2005-01-11,6.5225
2005-01-12,6.58
2005-01-13,6.7075
2005-01-14,6.63
2005-01-18,6.58
2005-01-19,6.68
2005-01-20,6.52
2005-01-21,6.58
2005-01-24,6.81
2005-01-25,6.79
2005-01-26,6.72
2005-01-27,6.785
2005-01-28,6.77
2005-01-31,6.72
2005-02-01,6.7
2005-02-02,6.73
2005-02-03,6.705
2005-02-04,6.655
2005-02-07,6.595
2005-02-08,6.485
2005-02-09,6.55
2005-02-10,6.5775
2005-02-11,6.98
2005-02-14,7.245
2005-02-15,7.245
2005-02-16,7.13
2005-02-17,7.255
2005-02-18,7.32
2005-02-22,7.55
2005-02-23,7.45
2005-02-24,7.47
2005-02-25,7.2425
2005-02-28,7.35
2005-03-01,7.26
2005-03-02,7.13
2005-03-03,7.29
2005-03-04,7.17
2005-03-07,7.35
2005-03-08,7.4
2005-03-09,7.57
2005-03-10,7.52
2005-03-11,7.415
2005-03-14,7.475
2005-03-15,7.415
2005-03-16,7.41
2005-03-17,7.36
2005-03-18,7.335
2005-03-21,7.25
2005-03-22,7.11
2005-03-23,6.915
2005-03-24,6.935
2005-03-28,6.923
2005-03-29,6.92
2005-03-30,6.96
2005-03-31,7.1875
2005-04-01,7.105
2005-04-04,6.96
2005-04-05,6.94
2005-04-06,7.05
2005-04-07,7.12
2005-04-08,7.03
2005-04-11,7.185
2005-04-12,7.235
2005-04-13,7.16
2005-04-14,7.105
2005-04-15,7.01
2005-04-18,7.045
2005-04-19,7.055
2005-04-20,7.205
2005-04-21,7.285
2005-04-22,7.235
2005-04-25,7.215
2005-04-26,7.265
2005-04-27,7.215
2005-04-28,7.095
2005-04-29,6.98
2005-05-02,6.8825
2005-05-03,6.85
2005-05-04,6.895
2005-05-05,7.05
2005-05-06,7.035
2005-05-09,6.955
2005-05-10,7.06
2005-05-11,7.08
2005-05-12,7.005
2005-05-13,6.88
2005-05-16,6.885
2005-05-17,6.97
2005-05-18,7.02
2005-05-19,7.18
2005-05-20,7.1
2005-05-23,6.98
2005-05-24,7.0075
2005-05-25,7.01
2005-05-26,7.08
2005-05-27,7.17
2005-05-31,7.13
2005-06-01,7.38
2005-06-02,7.48
2005-06-03,7.53
2005-06-06,7.46
2005-06-07,7.525
2005-06-08,7.4
2005-06-09,7.38
2005-06-10,7.24
2005-06-13,7.2
2005-06-14,7.255
2005-06-15,7.255
2005-06-16,7.375
2005-06-17,7.395
2005-06-20,7.37
2005-06-21,7.215
2005-06-22,7.24
2005-06-23,7.22
2005-06-24,7.285
2005-06-27,7.24
2005-06-28,7.215
2005-06-29,7.07
2005-06-30,7.1
2005-07-01,7.02
2005-07-05,6.89
2005-07-06,6.885
2005-07-07,7.03
2005-07-08,6.9425
2005-07-11,7.04
2005-07-12,7.1025
2005-07-13,7.035
2005-07-14,6.985
2005-07-15,6.965
2005-07-18,6.995
2005-07-19,6.945
2005-07-20,6.965
2005-07-21,7.095
2005-07-22,7.115
2005-07-25,7.11
2005-07-26,7.075
2005-07-27,6.99
2005-07-28,7.065
2005-07-29,7.145
2005-08-01,7.25
2005-08-02,7.24
2005-08-03,7.255
2005-08-04,7.225
2005-08-05,7.2025
2005-08-08,7.13
2005-08-09,6.995
2005-08-10,7.07
2005-08-11,7.085
2005-08-12,7.175
2005-08-15,7.065
2005-08-16,6.98
2005-08-17,7.0
2005-08-18,6.96
2005-08-19,6.995
2005-08-22,6.99
2005-08-23,7.055
2005-08-24,6.965
2005-08-25,6.945
2005-08-26,6.845
2005-08-29,6.7775
2005-08-30,6.755
2005-08-31,6.74
2005-09-01,6.855
2005-09-02,7.02
2005-09-06,7.025
2005-09-07,7.02
2005-09-08,7.04
2005-09-09,6.985
2005-09-12,6.975
2005-09-13,6.985
2005-09-14,6.955
2005-09-15,7.0275
2005-09-16,7.08
2005-09-19,7.31
2005-09-20,7.33
2005-09-21,7.285
2005-09-22,7.4225
2005-09-23,7.29
2005-09-26,7.225
2005-09-27,7.295
2005-09-28,7.27
2005-09-29,7.4
2005-09-30,7.53
2005-10-03,7.375
2005-10-04,7.43
2005-10-05,7.345
2005-10-06,7.43
2005-10-07,7.62
2005-10-10,7.775
2005-10-11,7.76
2005-10-12,7.845
2005-10-13,7.735
2005-10-14,7.67
2005-10-17,7.86
2005-10-18,7.775
2005-10-19,7.73
2005-10-20,7.6
2005-10-21,7.6
2005-10-24,7.615
2005-10-25,7.72
2005-10-26,7.83
2005-10-27,7.81
2005-10-28,7.79
2005-10-31,7.765
2005-11-01,7.535
2005-11-02,7.42
2005-11-03,7.575
2005-11-04,7.555
2005-11-07,7.485
2005-11-08,7.5225
2005-11-09,7.65
2005-11-10,7.74
2005-11-11,7.6975
2005-11-14,7.8275
2005-11-15,7.77
2005-11-16,7.785
2005-11-17,8.095
2005-11-18,8.11
2005-11-21,8.11
2005-11-22,8.165
2005-11-23,8.05
2005-11-25,8.2
2005-11-28,8.2675
2005-11-29,8.29
2005-11-30,8.21
2005-12-01,8.315
2005-12-02,8.535
2005-12-05,8.59
2005-12-06,8.6
2005-12-07,8.82
2005-12-08,8.79
2005-12-09,8.97
2005-12-12,9.225
2005-12-13,8.74
2005-12-14,8.39
2005-12-15,8.39
2005-12-16,8.61
2005-12-19,8.615
2005-12-20,8.55
2005-12-21,8.275
2005-12-22,8.385
2005-12-23,8.5
2005-12-27,8.708
2005-12-28,8.76
2005-12-29,8.905
2005-12-30,8.83
2006-01-03,9.04
2006-01-04,9.14
2006-01-05,8.99
2006-01-06,8.83
2006-01-09,9.1
2006-01-10,9.04
2006-01-11,8.9
2006-01-12,9.0
2006-01-13,9.01
2006-01-17,9.035
2006-01-18,8.875
2006-01-19,8.905
2006-01-20,9.08
2006-01-23,8.925
2006-01-24,9.0
2006-01-25,9.425
2006-01-26,9.49
2006-01-27,9.69
2006-01-30,9.655
2006-01-31,9.91
2006-02-01,9.77
2006-02-02,9.82
2006-02-03,9.81
2006-02-06,9.76
2006-02-07,9.72
2006-02-08,9.275
2006-02-09,9.5
2006-02-10,9.55
2006-02-13,9.26
2006-02-14,9.22
2006-02-15,9.32
2006-02-16,9.2
2006-02-17,9.46
2006-02-21,9.49
2006-02-22,9.53
2006-02-23,9.5725
2006-02-24,9.54
2006-02-27,9.665
2006-02-28,9.695
2006-03-01,9.8
2006-03-02,9.7875
2006-03-03,10.26
2006-03-06,10.22
2006-03-07,9.995
2006-03-08,9.95
2006-03-09,9.875
2006-03-10,9.855
2006-03-13,10.015
2006-03-14,10.065
2006-03-15,10.25
2006-03-16,10.275
2006-03-17,10.365
2006-03-20,10.34
2006-03-21,10.28
2006-03-22,10.53
2006-03-23,10.5
2006-03-24,10.68
2006-03-27,10.895
2006-03-28,10.81
2006-03-29,10.875
2006-03-30,11.45
2006-03-31,11.755
2006-04-03,11.585
2006-04-04,11.745
2006-04-05,11.655
2006-04-06,12.03
2006-04-07,12.165
2006-04-10,12.4175
2006-04-11,12.67
2006-04-12,12.75
2006-04-13,12.61
2006-04-17,13.43
2006-04-18,13.635
2006-04-19,14.27
2006-04-20,14.31
2006-04-21,12.185
2006-04-24,12.78
2006-04-25,12.465
2006-04-26,12.72
2006-04-27,12.52
2006-04-28,12.555
2006-05-01,13.57875
2006-05-02,13.92
2006-05-03,14.42
2006-05-04,13.685
2006-05-05,14.07
2006-05-08,13.75
2006-05-09,13.895
2006-05-10,14.34
2006-05-11,14.43
2006-05-12,14.94
2006-05-15,13.25
2006-05-16,13.22
2006-05-17,13.82
2006-05-18,13.12
2006-05-19,12.43
2006-05-22,12.16
2006-05-23,12.87
2006-05-24,12.8
2006-05-25,12.57
2006-05-26,12.7
2006-05-30,12.9
2006-05-31,13.13
2006-06-01,12.05
2006-06-02,12.15
2006-06-05,12.37
2006-06-06,11.87
2006-06-07,11.46
2006-06-08,11.55
2006-06-09,11.41
2006-06-12,11.02
2006-06-13,10.47
2006-06-14,9.72
2006-06-15,10.15
2006-06-16,10.28
2006-06-19,9.89
2006-06-20,10.15
2006-06-21,10.27
2006-06-22,10.54
2006-06-23,10.09
2006-06-26,10.36
2006-06-27,10.26
2006-06-28,10.38
2006-06-29,10.38
2006-06-30,10.7
2006-07-03,11.28
2006-07-05,11.45
2006-07-06,11.31
2006-07-07,11.51
2006-07-10,11.04
2006-07-11,11.29
2006-07-12,11.75
2006-07-13,11.62
2006-07-14,11.63
2006-07-17,11.5
2006-07-18,11.01
2006-07-19,10.52
2006-07-20,11.08
2006-07-21,11.01
2006-07-24,10.74
2006-07-25,11.01
2006-07-26,10.9
2006-07-27,11.22
2006-07-28,11.34
2006-07-31,11.44
2006-08-01,11.355
2006-08-02,11.75
2006-08-03,12.065
2006-08-04,12.2
2006-08-07,12.45
2006-08-08,12.13
2006-08-09,12.265
2006-08-10,12.43
2006-08-11,12.275
2006-08-14,11.76
2006-08-15,11.99
2006-08-16,12.15
2006-08-17,12.28
2006-08-18,12.01
2006-08-21,12.24
2006-08-22,12.2
2006-08-23,12.42
2006-08-24,12.58
2006-08-25,12.4
2006-08-28,12.205
2006-08-29,12.14
2006-08-30,12.22
2006-08-31,12.6
2006-09-01,12.75
2006-09-05,13.15
2006-09-06,12.95
2006-09-07,13.06
2006-09-08,12.29
2006-09-11,11.76
2006-09-12,11.34
2006-09-13,11.0
2006-09-14,11.35
2006-09-15,10.7
2006-09-18,10.97
2006-09-19,10.91
2006-09-20,10.74
2006-09-21,11.02
2006-09-22,11.28
2006-09-25,11.05
2006-09-26,11.11
2006-09-27,11.58
2006-09-28,11.66
2006-09-29,11.55
2006-10-02,11.58
2006-10-03,11.34
2006-10-04,10.825
2006-10-05,10.96
2006-10-06,11.01
2006-10-09,11.335
2006-10-10,11.21
2006-10-11,11.14
2006-10-12,11.3
2006-10-13,11.4
2006-10-16,11.72
2006-10-17,11.85
2006-10-18,11.76
2006-10-19,11.62
2006-10-20,11.98
2006-10-23,11.71
2006-10-24,11.57
2006-10-25,11.75
2006-10-26,11.97
2006-10-27,12.05
2006-10-30,12.13
2006-10-31,12.08
2006-11-01,12.36
2006-11-02,12.41
2006-11-03,12.62
2006-11-06,12.51
2006-11-07,12.62
2006-11-08,12.605
2006-11-09,12.595
2006-11-10,13.025
2006-11-13,12.86
2006-11-14,12.85
2006-11-15,12.69
2006-11-16,12.94
2006-11-17,12.75
2006-11-20,12.92
2006-11-21,12.92
2006-11-22,13.07
2006-11-24,13.365
2006-11-27,13.485
2006-11-28,13.44
2006-11-29,13.65
2006-11-30,13.68
2006-12-01,13.85
2006-12-04,14.05
2006-12-05,14.045
2006-12-06,13.68
2006-12-07,13.67
2006-12-08,13.84
2006-12-11,13.72
2006-12-12,13.85
2006-12-13,13.795
2006-12-14,13.77
2006-12-15,13.73
2006-12-18,12.97
2006-12-19,12.46
2006-12-20,12.8
2006-12-21,12.52
2006-12-22,12.5
2006-12-26,12.788
2006-12-27,12.86
2006-12-28,12.84
2006-12-29,12.9
2007-01-03,12.91
2007-01-04,12.62
2007-01-05,12.7
2007-01-08,12.21
2007-01-09,12.36
2007-01-10,12.45
2007-01-11,12.41
2007-01-12,12.43
2007-01-16,12.84
2007-01-17,12.55
2007-01-18,12.84
2007-01-19,12.72
2007-01-22,12.865
2007-01-23,13.09
2007-01-24,13.2
2007-01-25,13.38
2007-01-26,13.22
2007-01-29,13.25
2007-01-30,13.15
2007-01-31,13.36
2007-02-01,13.58
2007-02-02,13.66
2007-02-05,13.29
2007-02-06,13.66
2007-02-07,13.65
2007-02-08,13.53
2007-02-09,13.84
2007-02-12,13.78
2007-02-13,13.79
2007-02-14,13.96
2007-02-15,13.98
2007-02-16,13.9
2007-02-20,13.9
2007-02-21,13.74
2007-02-22,14.25
2007-02-23,14.28
2007-02-26,14.58
2007-02-27,14.49
2007-02-28,14.31
2007-03-01,14.29
2007-03-02,13.53
2007-03-05,12.605
2007-03-06,12.935
2007-03-07,12.89
2007-03-08,13.09
2007-03-09,13.07
2007-03-12,12.97
2007-03-13,12.92
2007-03-14,12.65
2007-03-15,12.9
2007-03-16,13.07
2007-03-19,13.16
2007-03-20,13.25
2007-03-21,13.33
2007-03-22,13.375
2007-03-23,13.37
2007-03-26,13.26
2007-03-27,13.34
2007-03-28,13.36
2007-03-29,13.34
2007-03-30,13.35
2007-04-02,13.335
2007-04-03,13.28
2007-04-04,13.45
2007-04-05,13.58
2007-04-09,13.788
2007-04-10,13.84
2007-04-11,13.92
2007-04-12,13.84
2007-04-13,13.88
2007-04-16,14.09
2007-04-17,13.96
2007-04-18,13.96
2007-04-19,13.835
2007-04-20,13.87
2007-04-23,13.86
2007-04-24,14.03
2007-04-25,13.79
2007-04-26,13.66
2007-04-27,13.35
2007-04-30,13.5
2007-05-01,13.45
2007-05-02,13.18
2007-05-03,13.33
2007-05-04,13.4
2007-05-07,13.46
2007-05-08,13.48
2007-05-09,13.45
2007-05-10,13.29
2007-05-11,13.04
2007-05-14,13.19
2007-05-15,13.02
2007-05-16,13.16
2007-05-17,12.9
2007-05-18,12.87
2007-05-21,12.93
2007-05-22,13.07
2007-05-23,12.96
2007-05-24,13.04
2007-05-25,12.925
2007-05-29,13.03
2007-05-30,13.11
2007-05-31,13.25
2007-06-01,13.53
2007-06-04,13.67
2007-06-05,13.71
2007-06-06,13.69
2007-06-07,13.65
2007-06-08,13.31
2007-06-11,13.16
2007-06-12,13.15
2007-06-13,12.86
2007-06-14,13.04
2007-06-15,13.06
2007-06-18,13.31
2007-06-19,13.19
2007-06-20,13.34
2007-06-21,13.17
2007-06-22,13.155
2007-06-25,12.96
2007-06-26,12.85
2007-06-27,12.26
2007-06-28,12.425
2007-06-29,12.54
2007-07-02,12.47
2007-07-03,12.6
2007-07-05,12.6
2007-07-06,12.4
2007-07-09,12.74
2007-07-10,12.76
2007-07-11,12.95
2007-07-12,12.95
2007-07-13,13.125
2007-07-16,13.03
2007-07-17,12.9
2007-07-18,12.94
2007-07-19,13.25
2007-07-20,13.29
2007-07-23,13.34
2007-07-24,13.34
2007-07-25,13.175
2007-07-26,13.13
2007-07-27,12.75
2007-07-30,12.73
2007-07-31,12.93
2007-08-01,12.77
2007-08-02,12.96
2007-08-03,12.96
2007-08-06,13.1
2007-08-07,12.99
2007-08-08,13.03
2007-08-09,12.975
2007-08-10,12.69
2007-08-13,12.87
2007-08-14,12.76
2007-08-15,12.51
2007-08-16,12.365
2007-08-17,11.69
2007-08-20,11.95
2007-08-21,11.67
2007-08-22,11.68
2007-08-23,11.88
2007-08-24,11.7
2007-08-27,11.7975
2007-08-28,11.83
2007-08-29,11.8
2007-08-30,11.86
2007-08-31,11.95
2007-09-04,12.095
2007-09-05,12.215
2007-09-06,12.245
2007-09-07,12.57
2007-09-10,12.56
2007-09-11,12.57
2007-09-12,12.66
2007-09-13,12.47
2007-09-14,12.5
2007-09-17,12.59
2007-09-18,12.96
2007-09-19,12.995
2007-09-20,13.17
2007-09-21,13.47
2007-09-24,13.62
2007-09-25,13.28
2007-09-26,13.44
2007-09-27,13.51
2007-09-28,13.65
2007-10-01,13.775
2007-10-02,13.28
2007-10-03,13.35
2007-10-04,13.22
2007-10-05,13.435
2007-10-08,13.29
2007-10-09,13.21
2007-10-10,13.62
2007-10-11,13.67
2007-10-12,13.79
2007-10-15,13.95
2007-10-16,13.66
2007-10-17,13.6
2007-10-18,13.68
2007-10-19,13.83
2007-10-22,13.35
2007-10-23,13.57
2007-10-24,13.44
2007-10-25,13.725
2007-10-26,14.07
2007-10-29,14.41
2007-10-30,14.175
2007-10-31,14.32
2007-11-01,14.36
2007-11-02,14.32
2007-11-05,14.49
2007-11-06,14.96
2007-11-07,15.82
2007-11-08,15.36
2007-11-09,15.15
2007-11-12,15.14
2007-11-13,14.675
2007-11-14,14.97
2007-11-15,14.82
2007-11-16,14.45
2007-11-19,14.52
2007-11-20,14.36
2007-11-21,14.55
2007-11-23,14.55
2007-11-26,14.885
2007-11-27,14.65
2007-11-28,14.275
2007-11-29,14.38
2007-11-30,14.23
2007-12-03,13.86
2007-12-04,14.25
2007-12-05,14.34
2007-12-06,14.06
2007-12-07,14.44
2007-12-10,14.38
2007-12-11,14.615
2007-12-12,14.635
2007-12-13,14.61
2007-12-14,14.01
2007-12-17,13.745
2007-12-18,13.97
2007-12-19,13.98
2007-12-20,13.97
2007-12-21,14.28
2007-12-24,14.35
2007-12-26,14.5633333333
2007-12-27,14.67
2007-12-28,14.75
2007-12-31,14.76
2008-01-02,14.93
2008-01-03,15.38
2008-01-04,15.275
2008-01-07,15.24
2008-01-08,15.485
2008-01-09,16.0
2008-01-10,15.62
2008-01-11,16.06
2008-01-14,16.5
2008-01-15,16.24
2008-01-16,15.85
2008-01-17,15.88
2008-01-18,15.825
2008-01-22,15.57
2008-01-23,15.95
2008-01-24,16.35
2008-01-25,16.53
2008-01-28,16.44
2008-01-29,16.75
2008-01-30,16.76
2008-01-31,16.74
2008-02-01,17.19
2008-02-04,16.7
2008-02-05,16.51
2008-02-06,16.48
2008-02-07,16.7
2008-02-08,16.95
2008-02-11,17.37
2008-02-12,17.46
2008-02-13,16.98
2008-02-14,17.26
2008-02-15,17.38
2008-02-19,17.25
2008-02-20,17.42
2008-02-21,17.98
2008-02-22,17.94
2008-02-25,18.06
2008-02-26,18.12
2008-02-27,19.33
2008-02-28,19.24
2008-02-29,19.62
2008-03-03,20.16
2008-03-04,20.32
2008-03-05,19.48
2008-03-06,20.8
2008-03-07,20.22
2008-03-10,19.57
2008-03-11,20.25
2008-03-12,19.7
2008-03-13,20.79
2008-03-14,20.41
2008-03-17,20.92
2008-03-18,20.38
2008-03-19,19.88
2008-03-20,17.53
2008-03-24,17.566
2008-03-25,17.575
2008-03-26,18.07
2008-03-27,18.2
2008-03-28,18.36
2008-03-31,17.99
2008-04-01,16.74
2008-04-02,16.89
2008-04-03,17.15
2008-04-04,17.45
2008-04-07,17.96
2008-04-08,18.0
2008-04-09,17.49
2008-04-10,18.32
2008-04-11,17.95
2008-04-14,17.45
2008-04-15,17.86
2008-04-16,18.07
2008-04-17,18.56
2008-04-18,18.18
2008-04-21,17.86
2008-04-22,17.56
2008-04-23,17.55
2008-04-24,17.09
2008-04-25,16.68
2008-04-28,16.94
2008-04-29,16.78
2008-04-30,16.47
2008-05-01,16.64
2008-05-02,16.19
2008-05-05,16.5725
2008-05-06,16.7
2008-05-07,16.69
2008-05-08,16.58
2008-05-09,16.97
2008-05-12,16.74
2008-05-13,17.08
2008-05-14,16.69
2008-05-15,16.6
2008-05-16,16.83
2008-05-19,17.18
2008-05-20,17.03
2008-05-21,17.77
2008-05-22,17.82
2008-05-23,18.1
2008-05-27,18.14
2008-05-28,17.26
2008-05-29,17.17
2008-05-30,16.85
2008-06-02,16.86
2008-06-03,16.82
2008-06-04,16.67
2008-06-05,16.65
2008-06-06,17.19
2008-06-09,17.46
2008-06-10,16.94
2008-06-11,16.58
2008-06-12,16.59
2008-06-13,16.31
2008-06-16,16.73
2008-06-17,17.22
2008-06-18,17.0
2008-06-19,17.22
2008-06-20,17.44
2008-06-23,17.19
2008-06-24,16.85
2008-06-25,16.7
2008-06-26,16.88
2008-06-27,17.4
2008-06-30,17.65
2008-07-01,17.56
2008-07-02,17.92
2008-07-03,18.31
2008-07-07,17.85
2008-07-08,17.62
2008-07-09,17.82
2008-07-10,18.17
2008-07-11,18.38
2008-07-14,18.69
2008-07-15,19.3
2008-07-16,18.83
2008-07-17,18.67
2008-07-18,18.55
2008-07-21,18.35
2008-07-22,18.6
2008-07-23,17.59
2008-07-24,17.52
2008-07-25,17.55
2008-07-28,17.47
2008-07-29,17.42
2008-07-30,17.12
2008-07-31,17.48
2008-08-01,17.59
2008-08-04,17.37
2008-08-05,16.67
2008-08-06,16.74
2008-08-07,16.59
2008-08-08,15.76
2008-08-11,15.335
2008-08-12,14.45
2008-08-13,14.68
2008-08-14,14.86
2008-08-15,12.82
2008-08-18,13.01
2008-08-19,13.01
2008-08-20,13.27
2008-08-21,13.59
2008-08-22,13.62
2008-08-25,13.1925
2008-08-26,13.05
2008-08-27,13.76
2008-08-28,13.78
2008-08-29,13.76
2008-09-02,13.18
2008-09-03,12.79
2008-09-04,13.02
2008-09-05,12.72
2008-09-08,12.38
2008-09-09,12.04
2008-09-10,11.27
2008-09-11,10.66
2008-09-12,10.8
2008-09-15,10.84
2008-09-16,10.88
2008-09-17,10.77
2008-09-18,12.93
2008-09-19,12.15
2008-09-22,12.985
2008-09-23,13.38
2008-09-24,13.29
2008-09-25,13.34
2008-09-26,13.18
2008-09-29,13.06
2008-09-30,12.96
2008-10-01,12.28
2008-10-02,12.25
2008-10-03,11.2
2008-10-06,11.29
2008-10-07,11.64
2008-10-08,11.65
2008-10-09,11.64
2008-10-10,11.74
2008-10-13,10.61
2008-10-14,10.89
2008-10-15,10.92
2008-10-16,9.99
2008-10-17,9.56
2008-10-20,9.79
2008-10-21,9.86
2008-10-22,9.84
2008-10-23,9.34
2008-10-24,8.88
2008-10-27,9.01
2008-10-28,9.09
2008-10-29,9.38
2008-10-30,10.02
2008-10-31,9.28
2008-11-03,10.05
2008-11-04,9.95
2008-11-05,10.28
2008-11-06,10.41
2008-11-07,10.13
2008-11-10,10.31
2008-11-11,9.94
2008-11-12,9.65
2008-11-13,9.365
2008-11-14,9.33
2008-11-17,9.5
2008-11-18,9.38
2008-11-19,9.4
2008-11-20,9.39
2008-11-21,9.17
2008-11-24,10.04
2008-11-25,10.33
2008-11-26,10.3
2008-11-28,10.12
2008-12-01,9.91
2008-12-02,9.41
2008-12-03,9.43
2008-12-04,9.58
2008-12-05,9.46
2008-12-08,9.73
2008-12-09,9.83
2008-12-10,9.96
2008-12-11,10.39
2008-12-12,10.07
2008-12-15,10.33
2008-12-16,10.5
2008-12-17,10.98
2008-12-18,11.29
2008-12-19,10.61
2008-12-22,10.97
2008-12-23,10.7
2008-12-24,10.29
2008-12-26,10.546
2008-12-29,10.93
2008-12-30,10.83
2008-12-31,10.79
2009-01-02,11.08
2009-01-05,11.07
2009-01-06,10.85
2009-01-07,11.41
2009-01-08,10.88
2009-01-09,11.22
2009-01-12,11.09
2009-01-13,10.62
2009-01-14,10.77
2009-01-15,10.51
2009-01-16,10.78
2009-01-20,11.32
2009-01-21,11.34
2009-01-22,11.32
2009-01-23,11.46
2009-01-26,12.1
2009-01-27,11.91
2009-01-28,11.98
2009-01-29,11.74
2009-01-30,12.51
2009-02-02,12.43
2009-02-03,12.37
2009-02-04,12.4
2009-02-05,12.8
2009-02-06,12.89
2009-02-09,13.01
2009-02-10,12.96
2009-02-11,13.39
2009-02-12,13.34
2009-02-13,13.37
2009-02-17,13.9
2009-02-18,14.05
2009-02-19,14.26
2009-02-20,14.28
2009-02-23,14.36
2009-02-24,14.39
2009-02-25,13.81
2009-02-26,13.48
2009-02-27,13.21
2009-03-02,13.14
2009-03-03,12.68
2009-03-04,12.87
2009-03-05,13.15
2009-03-06,13.46
2009-03-09,13.36
2009-03-10,12.71
2009-03-11,12.62
2009-03-12,12.84
2009-03-13,13.11
2009-03-16,13.06
2009-03-17,12.86
2009-03-18,12.61
2009-03-19,13.13
2009-03-20,13.65
2009-03-23,13.76
2009-03-24,13.51
2009-03-25,13.16
2009-03-26,13.6
2009-03-27,13.22
2009-03-30,12.96
2009-03-31,13.11
2009-04-01,12.98
2009-04-02,12.88
2009-04-03,12.86
2009-04-06,12.41
2009-04-07,12.17
2009-04-08,12.28
2009-04-09,12.3
2009-04-13,12.58
2009-04-14,12.65
2009-04-15,12.935
2009-04-16,12.65
2009-04-17,11.98
2009-04-20,12.06
2009-04-21,12.14
2009-04-22,12.12
2009-04-23,12.43
2009-04-24,12.78
2009-04-27,12.98
2009-04-28,12.56
2009-04-29,12.5
2009-04-30,12.63
2009-05-01,12.15
2009-05-04,12.87
2009-05-05,13.11
2009-05-06,13.44
2009-05-07,14.01
2009-05-08,13.9
2009-05-11,13.9
2009-05-12,14.09
2009-05-13,14.14
2009-05-14,13.84
2009-05-15,13.92
2009-05-18,13.79
2009-05-19,13.88
2009-05-20,14.29
2009-05-21,14.23
2009-05-22,14.66
2009-05-26,14.3
2009-05-27,14.5
2009-05-28,14.88
2009-05-29,15.52
2009-06-01,15.86
2009-06-02,15.62
2009-06-03,15.97
2009-06-04,15.305
2009-06-05,15.65
2009-06-08,14.84
2009-06-09,14.93
2009-06-10,15.39
2009-06-11,15.09
2009-06-12,15.07
2009-06-15,14.31
2009-06-16,14.3
2009-06-17,14.02
2009-06-18,14.19
2009-06-19,14.23
2009-06-22,13.83
2009-06-23,13.77
2009-06-24,13.88
2009-06-25,13.87
2009-06-26,14.26
2009-06-29,14.07
2009-06-30,13.94
2009-07-01,13.65
2009-07-02,13.41
2009-07-06,13.03
2009-07-07,13.32
2009-07-08,13.05
2009-07-09,12.89
2009-07-10,12.63
2009-07-13,12.47
2009-07-14,12.88
2009-07-15,13.27
2009-07-16,13.21
2009-07-17,13.16
2009-07-20,13.74
2009-07-21,13.52
2009-07-22,13.4
2009-07-23,13.76
2009-07-24,13.78
2009-07-27,14.06
2009-07-28,14.02
2009-07-29,13.6
2009-07-30,13.4
2009-07-31,13.63
2009-08-03,14.29
2009-08-04,14.08
2009-08-05,14.67
2009-08-06,14.67
2009-08-07,14.65
2009-08-10,14.47
2009-08-11,14.355
2009-08-12,14.28
2009-08-13,15.07
2009-08-14,14.98
2009-08-17,14.13
2009-08-18,14.09
2009-08-19,13.585
2009-08-20,14.04
2009-08-21,14.01
2009-08-24,14.41
2009-08-25,14.11
2009-08-26,14.32
2009-08-27,14.2
2009-08-28,14.54
2009-08-31,14.69
2009-09-01,14.74
2009-09-02,14.91
2009-09-03,15.73
2009-09-04,15.95
2009-09-08,16.75
2009-09-09,16.24
2009-09-10,16.09
2009-09-11,16.89
2009-09-14,16.35
2009-09-15,16.52
2009-09-16,17.29
2009-09-17,17.38
2009-09-18,17.11
2009-09-21,16.68
2009-09-22,17.24
2009-09-23,17.1
2009-09-24,16.76
2009-09-25,16.2
2009-09-28,15.91
2009-09-29,16.07
2009-09-30,16.45
2009-10-01,16.55
2009-10-02,16.21
2009-10-05,16.23
2009-10-06,16.95
2009-10-07,17.4
2009-10-08,17.8
2009-10-09,17.63
2009-10-12,17.89
2009-10-13,17.99
2009-10-14,17.93
2009-10-15,17.54
2009-10-16,17.31
2009-10-19,17.52
2009-10-20,17.755
2009-10-21,17.39
2009-10-22,17.55
2009-10-23,17.65
2009-10-26,17.61
2009-10-27,17.06
2009-10-28,16.33
2009-10-29,16.33
2009-10-30,16.57
2009-11-02,16.58
2009-11-03,16.35
2009-11-04,17.48
2009-11-05,17.38
2009-11-06,17.525
2009-11-09,17.68
2009-11-10,17.26
2009-11-11,17.63
2009-11-12,17.51
2009-11-13,17.3225
2009-11-16,17.74
2009-11-17,18.1
2009-11-18,18.74
2009-11-19,18.2
2009-11-20,18.18
2009-11-23,18.76
2009-11-24,18.57
2009-11-25,18.63
2009-11-27,17.98
2009-11-30,18.14
2009-12-01,18.72
2009-12-02,19.18
2009-12-03,19.11
2009-12-04,18.83
2009-12-07,18.04
2009-12-08,18.11
2009-12-09,17.77
2009-12-10,17.39
2009-12-11,17.51
2009-12-14,17.19
2009-12-15,17.18
2009-12-16,17.6
2009-12-17,17.4
2009-12-18,17.31
2009-12-21,17.27
2009-12-22,16.95
2009-12-23,16.92
2009-12-24,17.32
2009-12-28,17.4
2009-12-29,17.42
2009-12-30,16.92
2009-12-31,16.99
2010-01-04,17.17
2010-01-05,17.57
2010-01-06,17.89
2010-01-07,18.09
2010-01-08,18.12
2010-01-11,18.84
2010-01-12,18.41
2010-01-13,18.35
2010-01-14,18.58
2010-01-15,18.52
2010-01-19,18.5
2010-01-20,18.48
2010-01-21,17.68
2010-01-22,17.28
2010-01-25,17.16
2010-01-26,16.79
2010-01-27,16.74
2010-01-28,16.62
2010-01-29,16.29
2010-02-01,16.23
2010-02-02,16.78
2010-02-03,16.79
2010-02-04,16.13
2010-02-05,15.17
2010-02-08,15.14
2010-02-09,15.2
2010-02-10,15.6
2010-02-11,15.37
2010-02-12,15.33
2010-02-16,15.82
2010-02-17,16.21
2010-02-18,15.83
2010-02-19,15.95
2010-02-22,16.44
2010-02-23,16.1
2010-02-24,15.76
2010-02-25,15.92
2010-02-26,16.12
2010-03-01,16.5
2010-03-02,16.57
2010-03-03,17.17
2010-03-04,17.34
2010-03-05,17.25
2010-03-08,17.33
2010-03-09,17.05
2010-03-10,17.47
2010-03-11,16.91
2010-03-12,17.31
2010-03-15,17.02
2010-03-16,17.24
2010-03-17,17.54
2010-03-18,17.49
2010-03-19,17.31
2010-03-22,16.78
2010-03-23,16.78
2010-03-24,16.68
2010-03-25,16.79
2010-03-26,16.85
2010-03-29,17.15
2010-03-30,17.41
2010-03-31,17.5
2010-04-01,17.69
2010-04-05,17.874
2010-04-06,17.92
2010-04-07,17.97
2010-04-08,17.98
2010-04-09,18.34
2010-04-12,18.49
2010-04-13,18.16
2010-04-14,18.39
2010-04-15,18.27
2010-04-16,18.35
2010-04-19,17.5
2010-04-20,18.0
2010-04-21,17.82
2010-04-22,17.98
2010-04-23,17.89
2010-04-26,18.35
2010-04-27,18.16
2010-04-28,17.96
2010-04-29,18.15
2010-04-30,18.62
2010-05-03,18.6875
2010-05-04,18.71
2010-05-05,17.63
2010-05-06,17.69
2010-05-07,17.7
2010-05-10,18.46
2010-05-11,18.42
2010-05-12,19.59
2010-05-13,19.43
2010-05-14,19.64
2010-05-17,19.11
2010-05-18,18.82
2010-05-19,18.53
2010-05-20,17.93
2010-05-21,17.72
2010-05-24,17.78
2010-05-25,17.63
2010-05-26,18.27
2010-05-27,18.36
2010-05-28,18.53
2010-06-01,18.3
2010-06-02,18.43
2010-06-03,18.27
2010-06-04,17.76
2010-06-07,17.36
2010-06-08,18.34
2010-06-09,18.27
2010-06-10,17.98
2010-06-11,18.31
2010-06-14,18.43
2010-06-15,18.42
2010-06-16,18.51
2010-06-17,18.5
2010-06-18,18.77
2010-06-21,19.37
2010-06-22,18.625
2010-06-23,18.91
2010-06-24,18.38
2010-06-25,18.65
2010-06-28,19.11
2010-06-29,18.57
2010-06-30,18.74
2010-07-01,18.65
2010-07-02,17.98
2010-07-06,17.85
2010-07-07,17.65
2010-07-08,18.0
2010-07-09,17.87
2010-07-12,18.06
2010-07-13,18.0
2010-07-14,18.29
2010-07-15,18.42
2010-07-16,18.25
2010-07-19,17.78
2010-07-20,17.55
2010-07-21,17.88
2010-07-22,17.82
2010-07-23,18.17
2010-07-26,18.01
2010-07-27,18.16
2010-07-28,17.63
2010-07-29,17.6
2010-07-30,17.66
2010-08-02,18.11
2010-08-03,18.42
2010-08-04,18.5
2010-08-05,18.35
2010-08-06,18.3
2010-08-09,18.48
2010-08-10,18.09
2010-08-11,18.12
2010-08-12,17.92
2010-08-13,18.06
2010-08-16,18.2
2010-08-17,18.54
2010-08-18,18.36
2010-08-19,18.45
2010-08-20,18.14
2010-08-23,17.94
2010-08-24,17.88
2010-08-25,18.63
2010-08-26,19.11
2010-08-27,19.03
2010-08-30,18.91
2010-08-31,18.87
2010-09-01,19.47
2010-09-02,19.45
2010-09-03,19.66
2010-09-07,19.65
2010-09-08,20.02
2010-09-09,19.97
2010-09-10,19.9
2010-09-13,19.93
2010-09-14,20.31
2010-09-15,20.44
2010-09-16,20.76
2010-09-17,20.85
2010-09-20,20.91
2010-09-21,20.76
2010-09-22,21.08
2010-09-23,21.08
2010-09-24,21.35
2010-09-27,21.54
2010-09-28,21.165
2010-09-29,21.87
2010-09-30,22.07
2010-10-01,21.95
2010-10-04,22.03
2010-10-05,22.24
2010-10-06,22.92
2010-10-07,23.38
2010-10-08,22.37
2010-10-11,23.31
2010-10-12,23.03
2010-10-13,23.53
2010-10-14,24.49
2010-10-15,24.42
2010-10-18,24.02
2010-10-19,24.26
2010-10-20,23.71
2010-10-21,23.9
2010-10-22,23.05
2010-10-25,23.71
2010-10-26,23.48
2010-10-27,23.77
2010-10-28,23.73
2010-10-29,23.96
2010-11-01,24.91
2010-11-02,24.73
2010-11-03,25.0
2010-11-04,25.38
2010-11-05,26.14
2010-11-08,26.72
2010-11-09,28.55
2010-11-10,27.53
2010-11-11,27.75
2010-11-12,26.79
2010-11-15,26.01
2010-11-16,25.48
2010-11-17,25.2
2010-11-18,26.57
2010-11-19,27.07
2010-11-22,27.42
2010-11-23,27.31
2010-11-24,27.41
2010-11-26,26.62
2010-11-29,26.74
2010-11-30,27.13
2010-12-01,28.74
2010-12-02,28.5
2010-12-03,28.74
2010-12-06,29.6
2010-12-07,30.5
2010-12-08,29.02
2010-12-09,28.41
2010-12-10,28.79
2010-12-13,29.33
2010-12-14,29.88
2010-12-15,29.06
2010-12-16,29.15
2010-12-17,28.78
2010-12-20,29.21
2010-12-21,29.25
2010-12-22,29.35
2010-12-23,29.18
2010-12-27,29.892
2010-12-28,30.166
2010-12-29,30.44
2010-12-30,30.7
2010-12-31,30.63
2011-01-03,30.66
2011-01-04,30.67
2011-01-05,29.21
2011-01-06,29.08
2011-01-07,28.39
2011-01-10,28.79
2011-01-11,29.54
2011-01-12,29.6
2011-01-13,29.22
2011-01-14,28.52
2011-01-18,28.79
2011-01-19,29.32
2011-01-20,28.41
2011-01-21,27.14
2011-01-24,27.56
2011-01-25,26.7
2011-01-26,27.1
2011-01-27,27.39
2011-01-28,26.68
2011-01-31,27.75
2011-02-01,28.32
2011-02-02,28.27
2011-02-03,28.3
2011-02-04,28.91
2011-02-07,29.21
2011-02-08,29.42
2011-02-09,30.22
2011-02-10,29.8
2011-02-11,30.0
2011-02-14,30.16
2011-02-15,30.72
2011-02-16,30.77
2011-02-17,30.61
2011-02-18,31.94
2011-02-22,32.89
2011-02-23,33.29
2011-02-24,33.28
2011-02-25,32.54
2011-02-28,33.49
2011-03-01,34.37
2011-03-02,34.75
2011-03-03,34.53
2011-03-04,34.43
2011-03-07,36.6
2011-03-08,36.37
2011-03-09,36.17
2011-03-10,35.19
2011-03-11,34.1
2011-03-14,36.18
2011-03-15,33.88
2011-03-16,34.73
2011-03-17,34.47
2011-03-18,35.15
2011-03-21,36.16
2011-03-22,35.95
2011-03-23,36.58
2011-03-24,37.78
2011-03-25,37.68
2011-03-28,36.62
2011-03-29,36.62
2011-03-30,37.53
2011-03-31,37.87
2011-04-01,37.63
2011-04-04,38.46
2011-04-05,38.08
2011-04-06,39.63
2011-04-07,39.51
2011-04-08,40.22
2011-04-11,41.37
2011-04-12,40.44
2011-04-13,40.22
2011-04-14,40.67
2011-04-15,42.61
2011-04-18,42.79
2011-04-19,43.22
2011-04-20,44.79
2011-04-21,46.26
2011-04-25,45.636
2011-04-26,45.48
2011-04-27,45.3
2011-04-28,48.7
2011-04-29,47.682
2011-05-02,44.628
2011-05-03,43.61
2011-05-04,40.29
2011-05-05,37.84
2011-05-06,34.2
2011-05-09,38.0
2011-05-10,38.4
2011-05-11,39.18
2011-05-12,32.5
2011-05-13,36.2
2011-05-16,34.35
2011-05-17,34.28
2011-05-18,34.59
2011-05-19,35.75
2011-05-20,34.8
2011-05-23,34.7
2011-05-24,35.85
2011-05-25,37.17
2011-05-26,36.95
2011-05-27,37.69
2011-05-31,38.65
2011-06-01,37.95
2011-06-02,37.22
2011-06-03,35.19
2011-06-06,36.87
2011-06-07,37.41
2011-06-08,36.22
2011-06-09,37.03
2011-06-10,37.38
2011-06-13,35.51
2011-06-14,34.68
2011-06-15,35.26
2011-06-16,35.55
2011-06-17,35.39
2011-06-20,35.58
2011-06-21,36.22
2011-06-22,35.91
2011-06-23,36.01
2011-06-24,34.73
2011-06-27,34.01
2011-06-28,33.96
2011-06-29,34.39
2011-06-30,35.02
2011-07-01,33.85
2011-07-05,34.76
2011-07-06,35.38
2011-07-07,35.86
2011-07-08,36.28
2011-07-11,36.36
2011-07-12,34.91
2011-07-13,36.75
2011-07-14,39.4
2011-07-15,38.17
2011-07-18,40.33
2011-07-19,40.32
2011-07-20,38.59
2011-07-21,39.78
2011-07-22,39.67
2011-07-25,40.78
2011-07-26,40.34
2011-07-27,40.81
2011-07-28,40.19
2011-07-29,39.63
2011-08-01,39.31
2011-08-02,39.73
2011-08-03,41.04
2011-08-04,41.62
2011-08-05,39.24
2011-08-08,39.86
2011-08-09,38.36
2011-08-10,38.31
2011-08-11,39.18
2011-08-12,38.29
2011-08-15,39.18
2011-08-16,39.36
2011-08-17,40.02
2011-08-18,40.32
2011-08-19,41.98
2011-08-22,43.49
2011-08-23,42.88
2011-08-24,42.08
2011-08-25,39.0
2011-08-26,41.06
2011-08-29,40.94
2011-08-30,40.9
2011-08-31,41.35
2011-09-01,41.47
2011-09-02,42.5
2011-09-06,41.85
2011-09-07,40.98
2011-09-08,42.14
2011-09-09,41.4
2011-09-12,40.81
2011-09-13,40.02
2011-09-14,41.23
2011-09-15,40.34
2011-09-16,39.97
2011-09-19,40.46
2011-09-20,39.18
2011-09-21,40.25
2011-09-22,37.85
2011-09-23,32.9
2011-09-26,28.16
2011-09-27,33.5
2011-09-28,31.04
2011-09-29,30.19
2011-09-30,30.45
2011-10-03,31.05
2011-10-04,30.6
2011-10-05,28.69
2011-10-06,31.8
2011-10-07,31.98
2011-10-10,32.23
2011-10-11,31.37
2011-10-12,32.89
2011-10-13,31.97
2011-10-14,31.82
2011-10-17,32.3
2011-10-18,31.0
2011-10-19,31.97
2011-10-20,30.79
2011-10-21,30.8
2011-10-24,31.7
2011-10-25,32.0
2011-10-26,33.3
2011-10-27,33.55
2011-10-28,35.42
2011-10-31,34.24
2011-11-01,32.97
2011-11-02,33.83
2011-11-03,34.72
2011-11-04,33.95
2011-11-07,34.48
2011-11-08,34.64
2011-11-09,34.58
2011-11-10,33.71
2011-11-11,33.77
2011-11-14,34.38
2011-11-15,34.02
2011-11-16,34.45
2011-11-17,33.3
2011-11-18,32.25
2011-11-21,30.9
2011-11-22,31.85
2011-11-23,31.51
2011-11-25,31.24
2011-11-28,32.0
2011-11-29,31.96
2011-11-30,31.35
2011-12-01,33.28
2011-12-02,33.15
2011-12-05,32.48
2011-12-06,31.85
2011-12-07,32.45
2011-12-08,32.64
2011-12-09,32.0
2011-12-12,31.22
2011-12-13,31.34
2011-12-14,29.92
2011-12-15,28.8
2011-12-16,29.78
2011-12-19,28.78
2011-12-20,29.28
2011-12-21,29.75
2011-12-22,29.3
2011-12-23,29.22
2011-12-27,28.764
2011-12-28,28.65
2011-12-29,26.16
2011-12-30,28.18
2012-01-03,28.78
2012-01-04,29.18
2012-01-05,28.92
2012-01-06,29.4
2012-01-09,28.85
2012-01-10,29.69
2012-01-11,29.81
2012-01-12,30.58
2012-01-13,29.64
2012-01-17,30.41
2012-01-18,30.15
2012-01-19,30.79
2012-01-20,30.36
2012-01-23,32.45
2012-01-24,31.95
2012-01-25,31.67
2012-01-26,33.35
2012-01-27,33.48
2012-01-30,33.18
2012-01-31,33.6
2012-02-01,33.8
2012-02-02,33.67
2012-02-03,33.93
2012-02-06,33.52
2012-02-07,33.28
2012-02-08,34.37
2012-02-09,33.8
2012-02-10,33.55
2012-02-13,33.84
2012-02-14,33.51
2012-02-15,33.69
2012-02-16,33.18
2012-02-17,33.48
2012-02-21,33.65
2012-02-22,34.08
2012-02-23,34.55
2012-02-24,35.57
2012-02-27,35.09
2012-02-28,35.6
2012-02-29,37.23
2012-03-01,34.56
2012-03-02,35.21
2012-03-05,34.18
2012-03-06,33.22
2012-03-07,33.17
2012-03-08,34.09
2012-03-09,33.87
2012-03-12,33.77
2012-03-13,33.58
2012-03-14,32.84
2012-03-15,32.36
2012-03-16,32.27
2012-03-19,32.44
2012-03-20,32.22
2012-03-21,31.97
2012-03-22,31.79
2012-03-23,31.54
2012-03-26,32.23
2012-03-27,33.01
2012-03-28,32.43
2012-03-29,31.79
2012-03-30,32.43
2012-04-02,32.42
2012-04-03,32.97
2012-04-04,31.98
2012-04-05,31.27
2012-04-09,31.494
2012-04-10,31.55
2012-04-11,31.7
2012-04-12,31.47
2012-04-13,32.365
2012-04-16,31.32
2012-04-17,31.64
2012-04-18,31.61
2012-04-19,31.47
2012-04-20,31.79
2012-04-23,31.16
2012-04-24,30.86
2012-04-25,30.88
2012-04-26,30.7
2012-04-27,31.14
2012-04-30,31.2
2012-05-01,30.78
2012-05-02,30.52
2012-05-03,30.36
2012-05-04,29.9
2012-05-07,29.66
2012-05-08,29.58
2012-05-09,28.77
2012-05-10,29.25
2012-05-11,28.58
2012-05-14,28.33
2012-05-15,28.28
2012-05-16,27.25
2012-05-17,27.48
2012-05-18,28.48
2012-05-21,28.39
2012-05-22,28.07
2012-05-23,27.76
2012-05-24,28.08
2012-05-25,28.24
2012-05-29,28.25
2012-05-30,27.68
2012-05-31,28.1
2012-06-01,27.38
2012-06-04,28.568
2012-06-05,28.964
2012-06-06,29.36
2012-06-07,29.28
2012-06-08,28.17
2012-06-11,28.63
2012-06-12,28.54
2012-06-13,28.87
2012-06-14,28.88
2012-06-15,28.66
2012-06-18,28.43
2012-06-19,28.81
2012-06-20,28.31
2012-06-21,27.88
2012-06-22,26.81
2012-06-25,26.72
2012-06-26,27.44
2012-06-27,26.835
2012-06-28,26.81
2012-06-29,27.08
2012-07-02,27.36
2012-07-03,27.92
2012-07-05,28.33
2012-07-06,27.32
2012-07-09,27.24
2012-07-10,27.57
2012-07-11,27.11
2012-07-12,26.67
2012-07-13,27.48
2012-07-16,27.05
2012-07-17,27.42
2012-07-18,27.03
2012-07-19,27.45
2012-07-20,27.07
2012-07-23,26.95
2012-07-24,26.93
2012-07-25,27.11
2012-07-26,27.81
2012-07-27,27.73
2012-07-30,27.64
2012-07-31,28.2
2012-08-01,27.87
2012-08-02,27.42
2012-08-03,27.25
2012-08-06,27.72
2012-08-07,28.0
2012-08-08,27.84
2012-08-09,28.02
2012-08-10,27.88
2012-08-13,28.05
2012-08-14,27.84
2012-08-15,27.64
2012-08-16,27.84
2012-08-17,28.2
2012-08-20,28.1
2012-08-21,28.92
2012-08-22,29.33
2012-08-23,30.32
2012-08-24,30.37
2012-08-27,30.7
2012-08-28,30.81
2012-08-29,30.73
2012-08-30,30.66
2012-08-31,30.52
2012-09-04,32.08
2012-09-05,32.1
2012-09-06,32.87
2012-09-07,32.22
2012-09-10,33.6
2012-09-11,33.52
2012-09-12,33.93
2012-09-13,33.0
2012-09-14,34.71
2012-09-17,34.53
2012-09-18,34.06
2012-09-19,34.65
2012-09-20,34.25
2012-09-21,34.69
2012-09-24,33.73
2012-09-25,34.01
2012-09-26,33.88
2012-09-27,33.95
2012-09-28,34.65
2012-10-01,34.35
2012-10-02,34.85
2012-10-03,34.72
2012-10-04,34.96
2012-10-05,34.85
2012-10-08,33.85
2012-10-09,33.87
2012-10-10,33.79
2012-10-11,34.25
2012-10-12,33.79
2012-10-15,33.22
2012-10-16,32.8
2012-10-17,33.03
2012-10-18,32.99
2012-10-19,32.33
2012-10-22,32.17
2012-10-23,31.71
2012-10-24,31.95
2012-10-25,32.08
2012-10-26,31.67
2012-10-31,32.28
2012-11-01,32.66
2012-11-02,31.92
2012-11-05,30.91
2012-11-06,31.4
2012-11-07,32.14
2012-11-08,31.7
2012-11-09,32.16
2012-11-12,32.63
2012-11-13,32.58
2012-11-14,32.48
2012-11-15,32.57
2012-11-16,32.27
2012-11-19,32.67
2012-11-20,33.19
2012-11-21,33.01
2012-11-23,33.41
2012-11-26,34.08
2012-11-27,34.05
2012-11-28,33.85
2012-11-29,33.76
2012-11-30,34.28
2012-12-03,33.42
2012-12-04,33.3
2012-12-05,33.07
2012-12-06,32.83
2012-12-07,32.85
2012-12-10,33.34
2012-12-11,33.17
2012-12-12,33.1
2012-12-13,32.69
2012-12-14,32.52
2012-12-17,32.21
2012-12-18,32.38
2012-12-19,31.37
2012-12-20,31.12
2012-12-21,29.89
2012-12-24,30.19
2012-12-26,29.8966666667
2012-12-27,29.75
2012-12-28,30.15
2012-12-31,29.95
2013-01-02,30.87
2013-01-03,30.91
2013-01-04,29.32
2013-01-07,30.14
2013-01-08,30.39
2013-01-09,30.39
2013-01-10,30.49
2013-01-11,30.67
2013-01-14,30.76
2013-01-15,31.19
2013-01-16,31.23
2013-01-17,31.5
2013-01-18,31.82
2013-01-22,31.94
2013-01-23,32.23
2013-01-24,31.85
2013-01-25,31.56
2013-01-28,30.87
2013-01-29,31.06
2013-01-30,31.35
2013-01-31,32.03
2013-02-01,31.43
2013-02-04,31.51
2013-02-05,32.01
2013-02-06,31.7
2013-02-07,31.75
2013-02-08,31.52
2013-02-11,31.16
2013-02-12,30.84
2013-02-13,31.035
2013-02-14,30.88
2013-02-15,30.18
2013-02-19,30.0
2013-02-20,29.11
2013-02-21,28.72
2013-02-22,28.79
2013-02-25,29.17
2013-02-26,28.75
2013-02-27,29.07
2013-02-28,28.95
2013-03-01,28.01
2013-03-04,28.69
2013-03-05,28.93
2013-03-06,28.74
2013-03-07,29.01
2013-03-08,28.78
2013-03-11,28.9
2013-03-12,29.25
2013-03-13,29.12
2013-03-14,28.64
2013-03-15,28.91
2013-03-18,28.8
2013-03-19,28.85
2013-03-20,28.9
2013-03-21,28.91
2013-03-22,29.06
2013-03-25,28.67
2013-03-26,28.83
2013-03-27,28.33
2013-03-28,28.64
2013-04-01,28.096
2013-04-02,27.96
2013-04-03,27.19
2013-04-04,26.8
2013-04-05,26.97
2013-04-08,27.27
2013-04-09,27.25
2013-04-10,27.74
2013-04-11,27.57
2013-04-12,27.4
2013-04-15,23.54
2013-04-16,23.47
2013-04-17,23.31
2013-04-18,23.51
2013-04-19,23.66
2013-04-22,23.6
2013-04-23,23.01
2013-04-24,22.91
2013-04-25,23.3
2013-04-26,24.02
2013-04-29,24.27
2013-04-30,24.42
2013-05-01,23.97
2013-05-02,23.69
2013-05-03,24.25
2013-05-06,23.875
2013-05-07,23.75
2013-05-08,23.86
2013-05-09,24.07
2013-05-10,23.37
2013-05-13,23.66
2013-05-14,23.44
2013-05-15,22.87
2013-05-16,22.26
2013-05-17,22.52
2013-05-20,21.66
2013-05-21,22.44
2013-05-22,22.62
2013-05-23,22.47
2013-05-24,22.38
2013-05-28,22.36
2013-05-29,22.36
2013-05-30,22.68
2013-05-31,22.57
2013-06-03,22.43
2013-06-04,22.51
2013-06-05,22.37
2013-06-06,22.62
2013-06-07,22.6
2013-06-10,21.81
2013-06-11,21.58
2013-06-12,21.78
2013-06-13,21.83
2013-06-14,21.69
2013-06-17,21.87
2013-06-18,21.8
2013-06-19,21.62
2013-06-20,20.24
2013-06-21,19.87
2013-06-24,19.65
2013-06-25,19.77
2013-06-26,18.67
2013-06-27,18.61
2013-06-28,18.86
2013-07-01,19.44
2013-07-02,19.62
2013-07-03,19.55
2013-07-05,19.32
2013-07-08,19.16
2013-07-09,19.1
2013-07-10,19.37
2013-07-11,19.85
2013-07-12,19.66
2013-07-15,19.82
2013-07-16,19.95
2013-07-17,19.83
2013-07-18,19.49
2013-07-19,19.42
2013-07-22,19.95
2013-07-23,20.18
2013-07-24,20.395
2013-07-25,19.92
2013-07-26,20.02
2013-07-29,20.1
2013-07-30,19.68
2013-07-31,19.94
2013-08-01,19.72
2013-08-02,19.46
2013-08-05,19.76
2013-08-06,19.78
2013-08-07,19.27
2013-08-08,19.73
2013-08-09,20.31
2013-08-12,20.835
2013-08-13,21.46
2013-08-14,21.5
2013-08-15,22.0
2013-08-16,22.83
2013-08-19,23.23
2013-08-20,22.87
2013-08-21,22.94
2013-08-22,23.07
2013-08-23,23.06
2013-08-26,23.9825
2013-08-27,24.29
2013-08-28,24.74
2013-08-29,24.11
2013-08-30,23.64
2013-09-03,24.21
2013-09-04,23.71
2013-09-05,23.52
2013-09-06,23.05
2013-09-09,23.64
2013-09-10,23.32
2013-09-11,22.91
2013-09-12,22.67
2013-09-13,21.72
2013-09-16,21.88
2013-09-17,21.97
2013-09-18,21.47
2013-09-19,23.0
2013-09-20,22.74
2013-09-23,21.68
2013-09-24,21.44
2013-09-25,21.68
2013-09-26,21.97
2013-09-27,21.61
2013-09-30,21.68
2013-10-01,21.7
2013-10-02,21.14
2013-10-03,21.57
2013-10-04,21.65
2013-10-07,21.77
2013-10-08,22.3
2013-10-09,22.1
2013-10-10,21.93
2013-10-11,21.52
2013-10-14,21.52
2013-10-15,20.49
2013-10-16,21.32
2013-10-17,21.72
2013-10-18,21.87
2013-10-21,22.09
2013-10-22,22.06
2013-10-23,22.53
2013-10-24,22.67
2013-10-25,22.35
2013-10-28,22.54
2013-10-29,22.31
2013-10-30,22.74
2013-10-31,22.2
2013-11-01,21.75
2013-11-04,21.85
2013-11-05,21.6
2013-11-06,21.94
2013-11-07,21.75
2013-11-08,21.7
2013-11-11,21.395
2013-11-12,21.1
2013-11-13,20.7
2013-11-14,20.78
2013-11-15,20.635
2013-11-18,20.64
2013-11-19,20.44
2013-11-20,20.24
2013-11-21,19.97
2013-11-22,19.93
2013-11-25,19.71
2013-11-26,20.11
2013-11-27,19.98
2013-11-29,19.93
2013-12-02,19.75
2013-12-03,19.17
2013-12-04,19.05
2013-12-05,19.46
2013-12-06,19.49
2013-12-09,19.5
2013-12-10,20.05
2013-12-11,20.39
2013-12-12,19.8
2013-12-13,19.55
2013-12-16,19.5
2013-12-17,20.02
2013-12-18,19.94
2013-12-19,19.34
2013-12-20,19.33
2013-12-23,19.37
2013-12-24,19.4
2013-12-26,19.7466666667
2013-12-27,19.92
2013-12-30,19.65
2013-12-31,19.5
2014-01-02,19.94
2014-01-03,20.18
2014-01-06,20.04
2014-01-07,20.02
2014-01-08,19.52
2014-01-09,19.54
2014-01-10,19.8
2014-01-13,20.09
2014-01-14,20.27
2014-01-15,20.09
2014-01-16,20.0
2014-01-17,20.01
2014-01-21,20.03
2014-01-22,19.87
2014-01-23,20.11
2014-01-24,20.19
2014-01-27,19.83
2014-01-28,19.72
2014-01-29,19.68
2014-01-30,19.41
2014-01-31,19.31
2014-02-03,19.27
2014-02-04,19.34
2014-02-05,19.63
2014-02-06,20.14
2014-02-07,19.87
2014-02-10,20.2
2014-02-11,20.17
2014-02-12,20.2
2014-02-13,20.27
2014-02-14,21.09
2014-02-18,21.37
2014-02-19,21.75
2014-02-20,21.59
2014-02-21,21.74
2014-02-24,22.05
2014-02-25,21.73
2014-02-26,21.845
2014-02-27,21.38
2014-02-28,21.27
2014-03-03,21.46
2014-03-04,21.15
2014-03-05,21.32
2014-03-06,21.11
2014-03-07,21.38
2014-03-10,20.99
2014-03-11,21.25
2014-03-12,20.97
2014-03-13,21.24
2014-03-14,21.36
2014-03-17,21.22
2014-03-18,20.94
2014-03-19,20.75
2014-03-20,20.17
2014-03-21,20.55
2014-03-24,20.2
2014-03-25,20.0
2014-03-26,20.03
2014-03-27,19.68
2014-03-28,19.71
2014-03-31,19.97
2014-04-01,19.8
2014-04-02,19.82
2014-04-03,19.83
2014-04-04,19.93
2014-04-07,19.81
2014-04-08,20.15
2014-04-09,19.89
2014-04-10,20.24
2014-04-11,20.09
2014-04-14,19.74
2014-04-15,19.77
2014-04-16,19.6
2014-04-17,19.62
2014-04-21,19.532
2014-04-22,19.51
2014-04-23,19.46
2014-04-24,19.06
2014-04-25,19.66
2014-04-28,19.6
2014-04-29,19.33
2014-04-30,19.28
2014-05-01,19.06
2014-05-02,19.17
2014-05-05,19.5225
2014-05-06,19.64
2014-05-07,19.64
2014-05-08,19.25
2014-05-09,19.25
2014-05-12,19.46
2014-05-13,19.44
2014-05-14,19.87
2014-05-15,19.66
2014-05-16,19.33
2014-05-19,19.55
2014-05-20,19.37
2014-05-21,19.31
2014-05-22,19.56
2014-05-23,19.42
2014-05-27,19.25
2014-05-28,19.125
2014-05-29,18.85
2014-05-30,19.0
2014-06-02,18.81
2014-06-03,18.87
2014-06-04,18.76
2014-06-05,18.81
2014-06-06,19.03
2014-06-09,19.11
2014-06-10,19.0
2014-06-11,19.2
2014-06-12,19.33
2014-06-13,19.58
2014-06-16,19.67
2014-06-17,19.55
2014-06-18,19.73
2014-06-19,19.94
2014-06-20,20.62
2014-06-23,20.75
2014-06-24,21.12
2014-06-25,20.78
2014-06-26,20.83
2014-06-27,21.04
2014-06-30,20.87
2014-07-01,21.08
2014-07-02,21.04
2014-07-03,21.0
2014-07-07,20.95
2014-07-08,21.08
2014-07-09,21.13
2014-07-10,21.5
2014-07-11,21.415
2014-07-14,21.13
2014-07-15,20.93
2014-07-16,20.7
2014-07-17,20.78
2014-07-18,20.94
2014-07-21,20.93
2014-07-22,20.81
2014-07-23,20.93
2014-07-24,20.84
2014-07-25,20.46
2014-07-28,20.63
2014-07-29,20.64
2014-07-30,20.54
2014-07-31,20.69
2014-08-01,20.34
2014-08-04,20.35
2014-08-05,20.2
2014-08-06,19.78
2014-08-07,20.07
2014-08-08,20.13
2014-08-11,19.85
2014-08-12,20.08
2014-08-13,19.9
2014-08-14,19.86
2014-08-15,19.86
2014-08-18,19.59
2014-08-19,19.66
2014-08-20,19.42
2014-08-21,19.4
2014-08-22,19.49
2014-08-25,19.49
2014-08-26,19.49
2014-08-27,19.32
2014-08-28,19.75
2014-08-29,19.47
2014-09-02,19.2
2014-09-03,19.1
2014-09-04,19.21
2014-09-05,19.13
2014-09-08,19.19
2014-09-09,19.0
2014-09-10,19.01
2014-09-11,18.7
2014-09-12,18.64
2014-09-15,18.64
2014-09-16,18.75
2014-09-17,18.63
2014-09-18,18.5
2014-09-19,18.45
2014-09-22,17.74
2014-09-23,17.92
2014-09-24,17.76
2014-09-25,17.52
2014-09-26,17.54
2014-09-29,17.58
2014-09-30,17.11
2014-10-01,17.04
2014-10-02,17.09
2014-10-03,16.97
2014-10-06,17.02
2014-10-07,17.36
2014-10-08,17.35
2014-10-09,17.64
2014-10-10,17.26
2014-10-13,17.41
2014-10-14,17.5
2014-10-15,17.01
2014-10-16,17.46
2014-10-17,17.36
2014-10-20,17.38
2014-10-21,17.36
2014-10-22,17.36
2014-10-23,17.07
2014-10-24,17.19
2014-10-27,17.18
2014-10-28,17.18
2014-10-29,17.2
2014-10-30,16.78
2014-10-31,16.2
2014-11-03,16.15
2014-11-04,16.12
2014-11-05,15.32
2014-11-06,15.28
2014-11-07,15.42
2014-11-10,15.67
2014-11-11,15.57
2014-11-12,15.62
2014-11-13,15.74
2014-11-14,15.35
2014-11-17,16.2
2014-11-18,16.27
2014-11-19,16.26
2014-11-20,16.2
2014-11-21,16.3
2014-11-24,16.33
2014-11-25,16.66
2014-11-26,16.61
2014-11-28,15.97
2014-12-01,15.73
2014-12-02,16.16
2014-12-03,16.3
2014-12-04,16.42
2014-12-05,16.33
2014-12-08,16.26
2014-12-09,16.37
2014-12-10,17.06
2014-12-11,16.98
2014-12-12,17.07
2014-12-15,16.85
2014-12-16,16.29
2014-12-17,15.95
2014-12-18,16.08
2014-12-19,15.86
2014-12-22,16.09
2014-12-23,15.71
2014-12-24,15.77
2014-12-26,15.862
2014-12-29,16.0
2014-12-30,15.79
2014-12-31,15.97
2015-01-02,15.71
2015-01-05,15.88
2015-01-06,16.29
2015-01-07,16.33
2015-01-08,16.37
2015-01-09,16.24
2015-01-12,16.52
2015-01-13,17.0
2015-01-14,16.64
2015-01-15,17.12
2015-01-16,16.92
2015-01-20,17.8
2015-01-21,18.22
2015-01-22,18.08
2015-01-23,18.23
2015-01-26,17.83
2015-01-27,17.87
2015-01-28,18.01
2015-01-29,17.43
2015-01-30,16.92
2015-02-02,17.22
2015-02-03,17.59
2015-02-04,17.39
2015-02-05,17.0
2015-02-06,17.22
2015-02-09,16.97
2015-02-10,16.8
2015-02-11,16.95
2015-02-12,16.89
2015-02-13,16.86
2015-02-17,16.82
2015-02-18,16.42
2015-02-19,16.73
2015-02-20,16.34
2015-02-23,16.2
2015-02-24,16.32
2015-02-25,16.51
2015-02-26,16.82
2015-02-27,16.53
2015-03-02,16.63
2015-03-03,16.42
2015-03-04,16.32
2015-03-05,16.19
2015-03-06,15.99
2015-03-09,15.92
2015-03-10,15.78
2015-03-11,15.64
2015-03-12,15.68
2015-03-13,15.5
2015-03-16,15.58
2015-03-17,15.56
2015-03-18,15.47
2015-03-19,15.88
2015-03-20,16.17
2015-03-23,16.73
2015-03-24,16.97
2015-03-25,16.94
2015-03-26,17.13
2015-03-27,17.14
2015-03-30,16.65
2015-03-31,16.6
2015-04-01,16.56
2015-04-02,16.84
2015-04-06,16.856
2015-04-07,16.86
2015-04-08,16.84
2015-04-09,16.3
2015-04-10,16.55
2015-04-13,16.27
2015-04-14,16.08
2015-04-15,16.18
2015-04-16,16.47
2015-04-17,16.36
2015-04-20,16.09
2015-04-21,16.08
2015-04-22,16.05
2015-04-23,15.86
2015-04-24,15.83
2015-04-27,15.84
2015-04-28,16.32
2015-04-29,16.48
2015-04-30,16.52
2015-05-01,16.17
2015-05-04,16.3575
2015-05-05,16.42
2015-05-06,16.41
2015-05-07,16.35
2015-05-08,16.31
2015-05-11,16.39
2015-05-12,16.46
2015-05-13,16.65
2015-05-14,17.4
2015-05-15,17.25
2015-05-18,17.7
2015-05-19,17.4
2015-05-20,17.07
2015-05-21,17.18
2015-05-22,17.25
2015-05-26,16.79
2015-05-27,16.66
2015-05-28,16.68
2015-05-29,16.67
2015-06-01,16.61
2015-06-02,16.7
2015-06-03,16.6
2015-06-04,16.47
2015-06-05,16.15
2015-06-08,16.06
2015-06-09,16.13
2015-06-10,16.13
2015-06-11,15.87
2015-06-12,15.93
2015-06-15,15.93
2015-06-16,16.03
2015-06-17,15.98
2015-06-18,16.24
2015-06-19,16.12
2015-06-22,16.19
2015-06-23,15.96
2015-06-24,15.89
2015-06-25,15.77
2015-06-26,15.83
2015-06-29,15.83
2015-06-30,15.7
2015-07-01,15.63
2015-07-02,15.61
2015-07-06,15.59
2015-07-07,15.61
2015-07-08,14.99
2015-07-09,15.38
2015-07-10,15.45
2015-07-13,15.45
2015-07-14,15.28
2015-07-15,15.31
2015-07-16,14.93
2015-07-17,15.01
2015-07-20,14.84
2015-07-21,14.75
2015-07-22,14.78
2015-07-23,14.88
2015-07-24,14.49
2015-07-27,14.69
2015-07-28,14.54
2015-07-29,14.61
2015-07-30,14.64
2015-07-31,14.56
2015-08-03,14.73
2015-08-04,14.54
2015-08-05,14.52
2015-08-06,14.59
2015-08-07,14.75
2015-08-10,14.88
2015-08-11,15.31
2015-08-12,15.36
2015-08-13,15.33
2015-08-14,15.55
2015-08-17,15.23
2015-08-18,15.23
2015-08-19,14.84
2015-08-20,15.5
2015-08-21,15.46
2015-08-24,14.94
2015-08-25,14.87
2015-08-26,14.41
2015-08-27,14.27
2015-08-28,14.44
2015-08-31,14.62
2015-09-01,14.68
2015-09-02,14.56
2015-09-03,14.71
2015-09-04,14.69
2015-09-08,14.63
2015-09-09,14.77
2015-09-10,14.72
2015-09-11,14.58
2015-09-14,14.43
2015-09-15,14.35
2015-09-16,14.51
2015-09-17,14.76
2015-09-18,15.26
2015-09-21,15.18
2015-09-22,14.94
2015-09-23,14.8
2015-09-24,14.79
2015-09-25,14.99
2015-09-28,14.7
2015-09-29,14.56
2015-09-30,14.65
2015-10-01,14.55
2015-10-02,14.43
2015-10-05,15.25
2015-10-06,15.67
2015-10-07,15.82
2015-10-08,15.61
2015-10-09,15.99
2015-10-12,15.96
2015-10-13,15.61
2015-10-14,15.84
2015-10-15,16.18
2015-10-16,16.04
2015-10-19,15.86
2015-10-20,15.86
2015-10-21,15.75
2015-10-22,15.77
2015-10-23,15.98
2015-10-26,16.1
2015-10-27,15.8
2015-10-28,16.03
2015-10-29,15.82
2015-10-30,15.63
2015-11-02,15.4
2015-11-03,15.38
2015-11-04,15.26
2015-11-05,15.02
2015-11-06,15.08
2015-11-09,14.78
2015-11-10,14.55
2015-11-11,14.44
2015-11-12,14.39
2015-11-13,14.39
2015-11-16,14.36
2015-11-17,14.25
2015-11-18,14.17
2015-11-19,14.21
2015-11-20,14.29
2015-11-23,13.98
2015-11-24,14.14
2015-11-25,14.07
2015-11-27,14.11
2015-11-30,14.08
2015-12-01,14.21
2015-12-02,14.14
2015-12-03,13.93
2015-12-04,14.13
2015-12-07,14.49
2015-12-08,14.24
2015-12-09,14.27
2015-12-10,14.17
2015-12-11,13.92
2015-12-14,13.71
2015-12-15,13.74
2015-12-16,13.74
2015-12-17,14.08
2015-12-18,13.82
2015-12-21,14.2
2015-12-22,14.24
2015-12-23,14.33
2015-12-24,14.2
2015-12-28,13.984
2015-12-29,13.93
2015-12-30,13.82
2015-12-31,13.82
2016-01-04,14.0
2016-01-05,14.01
2016-01-06,14.005
2016-01-07,14.03
2016-01-08,14.04
2016-01-11,13.97
2016-01-12,13.88
2016-01-13,13.83
2016-01-14,14.02
2016-01-15,13.8
2016-01-19,14.03
2016-01-20,14.05
2016-01-21,14.01
2016-01-22,14.17
2016-01-25,14.22
2016-01-26,14.33
2016-01-27,14.38
2016-01-28,13.58
2016-01-29,14.08
2016-02-01,14.33
2016-02-02,14.26
2016-02-03,14.41
2016-02-04,14.74
2016-02-05,14.91
2016-02-08,14.94
2016-02-09,15.34
2016-02-10,15.12
2016-02-11,15.65
2016-02-12,15.64
2016-02-16,15.35
2016-02-17,15.25
2016-02-18,15.25
2016-02-19,15.37
2016-02-22,15.0
2016-02-23,15.21
2016-02-24,15.32
2016-02-25,15.16
2016-02-26,15.17
2016-02-29,14.75
2016-03-01,14.99
2016-03-02,14.82
2016-03-03,14.97
2016-03-04,15.43
2016-03-07,15.66
2016-03-08,15.66
2016-03-09,15.27
2016-03-10,15.27
2016-03-11,15.5
2016-03-14,15.6
2016-03-15,15.32
2016-03-16,15.29
2016-03-17,15.73
2016-03-18,15.94
2016-03-21,15.81
2016-03-22,15.89
2016-03-23,15.58
2016-03-24,15.28
2016-03-28,15.104
2016-03-29,15.06
2016-03-30,15.38
2016-03-31,15.38
2016-04-01,15.38
2016-04-04,14.96
2016-04-05,15.19
2016-04-06,15.07
2016-04-07,15.22
2016-04-08,15.16
2016-04-11,15.56
2016-04-12,15.96
2016-04-13,15.98
2016-04-14,16.13
2016-04-15,16.17
2016-04-18,16.2
2016-04-19,16.62
2016-04-20,16.97
